,SMILES,Experimental LogP,Predicted LogP,Deviation
0,c1ccc(-c2nc(N3CCCCCC3)c3ccccc3n2)cc1,5.83,4.96,0.87
1,CN1CCC(OC(c2ccccc2)c2ccccc2)CC1,3.66,4.13,-0.47
2,C=CC(C)(C)c1cc(/C=C/C(=O)c2ccc(O)cc2)c(OC)cc1O,4.81,3.74,1.07
3,Cc1cc2c(F)c(Oc3ncnn4cc(OC[C@@H](C)O)c(C)c34)ccc2[nH]1,3.42,3.34,0.08
4,Cc1ccc2c(=O)c3cccc(CC(=O)O)c3oc2c1C,3.62,2.9,0.72
5,CC(C)c1ccc(-c2nc3ccccc3s2)cc1,5.38,4.97,0.41
6,COC(=O)C1=C(C)NC(C)=C(C(=O)OC)C1c1ccccc1OC(F)F,2.64,2.72,-0.08
7,c1ccc([C@H]2CNCc3ccccc32)cc1,3.07,3.17,-0.1
8,CCOC(=O)c1nc(Nc2ccc(C(=O)OC(C)C)cc2)c2ccccc2n1,4.88,4.9,-0.02
9,O=C(c1cc2ccccc2[nH]1)N1CCCC1,1.7,1.7,-0.0
10,c1cc(-c2cnn3cc(-c4ccc(OCCN5CCCCC5)cc4)cnc23)ccn1,3.44,3.3,0.14
11,O=C(OCCN1CCOCC1)C1(c2ccccc2)CCCCC1,3.53,3.05,0.48
12,O=C(/C=C/c1ccc(O)c(O)c1)c1ccc(O[C@@H]2O[C@H](CO)[C@@H](O)[C@H](O)[C@H]2O)c(O)c1O,0.75,0.53,0.22
13,COc1ccccc1CN[C@@H]1CCCN[C@@H]1c1ccccc1,3.26,3.22,0.04
14,Brc1c(Br)c(Br)c2[nH]nnc2c1Br,4.38,3.44,0.94
15,Cc1cccc(Nc2ncccc2S(N)(=O)=O)c1,1.91,1.97,-0.06
16,CC[C@@H](C)N(C)C(=O)c1cc2ccccc2c(-c2ccccc2Cl)n1,5.36,5.11,0.25
17,Fc1ccc(OCc2nn3c(-c4cccnc4)nnc3s2)cc1,2.41,2.7,-0.29
18,CN(C)c1ccccc1CN1CCCN(Cc2ccccc2N(C)C)C1c1ccncc1,4.59,4.78,-0.19
19,Cc1ccccc1Nc1c(-c2ccc(N3CCOCC3)cc2)nc2cnccn12,3.51,3.7,-0.19
20,CC(/C=C1\SC(=S)N(CC(=O)O)C1=O)=C\c1ccccc1,3.21,3.82,-0.61
21,CN1CCN(C(=O)c2ccc(-c3ccc(Br)cc3)o2)CC1,2.51,2.75,-0.24
22,O=C(c1cc(-c2cccc(Cl)c2)nc2ccccc12)N1CCN(c2ccccn2)CC1,5.18,5.28,-0.1
23,CCCCOc1ccc(Nc2cc(Cl)ccc2C(=O)O)cn1,5.19,4.38,0.81
24,CCCN(CCc1cccs1)[C@H]1CCc2c(O)cccc2C1,4.34,4.03,0.31
25,CN(C)c1ccc(/C=C2\C=Cc3ccccc32)cc1,4.49,4.47,0.02
26,c1ccc(Sc2ncccn2)nc1,2.29,1.91,0.38
27,COc1ccc(-c2csc(Nc3ncccn3)n2)cc1OC,3.23,3.13,0.1
28,CN1CCC(c2c[nH]c3ccc(O)cc23)CC1,1.75,1.94,-0.19
29,COc1ccc(N(CCC#N)S(=O)(=O)c2cccc3nsnc23)cc1,2.44,2.55,-0.11
30,COc1cc2ncc(-c3ccccc3)nc2cc1OC,3.02,2.99,0.03
31,Cc1cc(NC(=O)Cc2nn(C)c(=O)c3ccccc23)ccc1Br,3.67,3.5,0.17
32,Cc1cccnc1Nc1nc(-c2ccc(F)cc2)cs1,4.82,4.36,0.46
33,CCOC(=O)Cc1csc(NC(=O)c2cc(=O)c3ccccc3o2)n1,2.6,2.6,0.0
34,Cc1nc2nc3c(cn2n1)C(=O)CCC3,0.98,0.08,0.9
35,COc1cc2c(cc1OC)C(/C=C/c1ccco1)=NCC2,2.91,2.88,0.03
36,Cc1ccc(Sc2ccccc2N2CCNCC2)c(C)c1,4.76,4.77,-0.01
37,OCCNCCN1CCN(CCCN2c3ccccc3Sc3ccc(C(F)(F)F)cc32)CC1,3.6,3.83,-0.23
38,N[C@@]1(C(=O)O)CN[C@@H](C(=O)O)C1,-6.36,-3.37,-2.99
39,O=C(NCCCn1ccnc1)C(=O)NC1CCCCC1,0.34,0.53,-0.19
40,COc1ccc(CNCCSc2nnnn2C)cc1,1.61,1.53,0.08
41,Oc1ccc2c3c1O[C@H]1c4[nH]c5ccccc5c4C[C@@]4(O)[C@@H](C2)N(CC2CC2)CC[C@]314,3.07,3.44,-0.37
42,CCN(CC)CCNc1c(C)cc(CO)c(Cl)c1C,3.04,3.53,-0.49
43,O=C1c2ccccc2C(=O)C1c1ccccn1,-2.59,1.6,-4.19
44,OC1(c2ccc(Cl)cc2)CCN(Cc2c[nH]c3ccccc23)CC1,3.58,4.59,-1.01
45,Cc1c(-c2cccc(NC(=O)c3cccs3)c2)nc2ncccn12,3.04,3.25,-0.21
46,COc1cc2ncnc(Nc3ccc(NC(=O)c4ccccc4)cc3)c2cc1OC,4.24,3.64,0.6
47,c1ccc2sc(N3CCN(Cc4ccc5c(c4)OCO5)CC3)nc2c1,4.1,3.56,0.54
48,C[C@@H](NCCc1ccc(O)cc1)[C@@H](O)c1ccc(O)cc1,1.82,2.21,-0.39
49,Cc1ccc2nc(-c3cccc(Cl)c3)c(Nc3ccc4c(c3)OCO4)n2c1,5.06,4.88,0.18
50,Cc1cc(N2CCOCC2)nc(N2CCOCC2)n1,1.23,1.09,0.14
51,Cn1ncc2cc3c(Nc4ccc(Cl)cc4)cccc3nc21,3.99,3.6,0.39
52,CCCN1CC[C@@H]2c3cc(O)ccc3CC[C@@H]21,2.74,2.61,0.13
53,COC(=O)CCN(C(=O)c1ccc(OC(C)=O)cc1)c1ccccn1,1.77,1.6,0.17
54,Ic1ccc(N2CCN(Cc3c[nH]c4ncccc34)CC2)cc1,3.83,3.98,-0.15
55,Cc1ccccc1Nc1c(-c2cc(Br)ccc2F)nc2ccccn12,5.75,5.45,0.3
56,Oc1cc2c(cc1O)[C@H]1c3ccccc3CN[C@@H]1CC2,2.47,2.79,-0.32
57,Cc1ccn2c(Nc3ccc4c(c3)OCO4)c(-c3ccc(N(C)C)cc3)nc2c1,4.57,4.46,0.11
58,N=C(N)SCCc1ccc(OCc2ccc([N+](=O)[O-])cc2)cc1,3.83,3.38,0.45
59,CCCCNC1(c2cc3ccccc3s2)CCCCC1,5.59,4.96,0.63
60,Cc1cccc(-c2nc(Nc3ccc(C(=O)O)cc3)c3ccccc3n2)c1,5.3,4.85,0.45
61,CCC(=O)c1ccc2c(c1)N(CCCN(C)C)c1ccccc1S2,4.19,4.35,-0.16
62,COc1cc(/C=C(\C)c2ccc3c(c2)OCO3)cc(OC)c1OC,3.76,3.75,0.01
63,CN(CCc1ccc(Cl)c(Cl)c1)CCN1CCCC1,3.84,3.68,0.16
64,CCOC(=O)c1ccc(Nc2ncnc3c2cnn3C)cc1,2.26,2.65,-0.39
65,Cc1ccc(C(=O)N2CCN(C(=O)CN3CCCC3)C2)cc1,1.27,1.94,-0.67
66,N[C@@]1(C(=O)O)CC[C@H](C(=O)O)C1,-2.65,-2.61,-0.04
67,C1=C2CCCN[C@H]2[C@@H]2C[C@H]1[C@H]1CCCCN1C2,1.65,2.13,-0.48
68,O=C(Oc1cccc(Oc2ccccc2)c1)N1CCOCC1,2.98,3.21,-0.23
69,CCOC(=O)N1CCN(Cc2c(O)ccc3ccccc23)CC1,2.28,2.67,-0.39
70,CN(C)CCc1c[nH]c2ccc(Cn3cncn3)cc12,1.77,2.05,-0.28
71,O=c1cc(-c2ccccc2)oc2cc(O)c(O)cc12,2.36,2.37,-0.01
72,CCOc1ccc(S(=O)(=O)N2CCC(C(=O)N3CCc4ccccc4C3)CC2)cc1,2.7,3.66,-0.96
73,CC1CCN(c2nc(-c3ccc(Cl)cc3)nc3ccccc23)CC1,6.28,6.19,0.09
74,O=c1c2ccccc2nc2n1CCCC2,1.67,1.54,0.13
75,O=C(N/N=C/c1ccc([N+](=O)[O-])o1)c1ccc(O)cc1,1.75,1.67,0.08
76,CCSc1nc(O)cc(O)n1,2.19,1.99,0.2
77,COc1c(C)c2c(c(O)c1C/C=C(\C)CCC(=O)O)C(=O)OC2,3.53,2.6,0.93
78,CS(=O)(=O)Nc1ccc([N+](=O)[O-])cc1Oc1ccccc1,1.79,2.7,-0.91
79,CCc1cccc(C)c1Nc1c(-c2ccc(N3CCOCC3)cc2)nc2ncccn12,4.73,4.5,0.23
80,CCCN(CCC)[C@@H]1CCc2c(OC)cccc2[C@@H]1C,4.71,4.61,0.1
81,CN(C)CC[C@@H](c1ccccc1)c1ccccn1,2.98,3.3,-0.32
82,CC[C@@H](N)Cc1c[nH]c2ccccc12,2.43,2.03,0.4
83,CCc1ccc(S(=O)(=O)NCCc2csc(-c3cccnc3)n2)s1,3.35,2.42,0.93
84,O=C(c1noc2c1CCCC2)N1CCc2ccccc2C1,3.0,3.11,-0.11
85,C=CCN1CCc2c(cc(O)c(O)c2Br)[C@@H](c2ccccc2)C1,4.31,3.86,0.45
86,CCOc1cc(Cl)c(S(=O)(=O)NCc2ccccn2)cc1Cl,2.8,2.66,0.14
87,O=S(=O)(NCCn1ccc2ccccc21)c1ccc(F)cc1,3.07,3.36,-0.29
88,COc1ccc(-c2csc(Nc3ccc(C(=O)O)cc3)n2)cc1,4.29,4.4,-0.11
89,Cc1ccc(-c2nc3ccccc3[nH]2)cc1NC(=O)c1ccco1,3.95,3.36,0.59
90,O=C(CSc1ncccn1)N1CCC(Cc2ccccc2)CC1,2.88,3.81,-0.93
91,CN/C(=C/[N+](=O)[O-])NCCSCc1ccc(CN(C)C)o1,0.99,1.31,-0.32
92,COC(=O)c1ccccc1NC(=O)c1ccc(F)cc1,3.86,3.22,0.64
93,O=C1OC(=O)[C@H]2[C@@H]3CC[C@@H](O3)[C@@H]12,-0.05,-0.49,0.44
94,O=C(O)/C=C/c1ccc(Cn2ccnc2)cc1,1.16,1.78,-0.62
95,O=C(c1ccc2c(c1)OCO2)N1CCCCC1,1.74,1.67,0.07
96,CCCCN(CCCC)c1nc(-c2ccccc2)nc2ccccc12,7.14,6.52,0.62
97,FCCN(CCF)c1cccc(Cl)c1,3.09,2.91,0.18
98,COc1ccc(C[C@@H]2NC[C@@H](O)[C@@H]2OC(C)=O)cc1,0.73,0.82,-0.09
99,NCCNS(=O)(=O)c1cccc2c(Cl)cccc12,1.25,1.71,-0.46
100,O=c1c2ccccc2ccc2ccccc12,3.8,3.54,0.26
101,O=c1c2ccccc2oc2nc(-c3ccco3)n(Cc3ccccc3)c(=O)c12,3.66,3.48,0.18
102,Cc1c(N2C(=O)c3cccc4cccc(c34)C2=O)c(=O)n(-c2ccccc2)n1C,2.87,2.88,-0.01
103,COc1ccc(NC(=O)Cn2cc(C(=O)C3CC3)c3ccccc32)cc1,3.39,3.13,0.26
104,CCCc1ccc(-c2cc(C(=O)N3CCN(c4ccccn4)CC3)c3ccccc3n2)cc1,5.98,5.05,0.93
105,Cc1ccc(=O)n(-c2ccccc2)c1,2.14,2.52,-0.38
106,CN(C)c1cccc(/C=C(\C#N)c2ccccc2)c1,4.14,4.38,-0.24
107,CC[C@@](N)(C(=O)O)c1ccc(C(=O)O)cc1,-0.92,-0.08,-0.84
108,CN(C)C[C@@H](O)Cn1c2ccc(Br)cc2c2cc(Br)ccc21,4.24,4.4,-0.16
109,CCOC(=O)/C=C/c1ccc(O)c(OC)c1,2.41,2.44,-0.03
110,Nc1ccc(N2C(=O)c3ccccc3C2=O)c(Cl)c1,2.35,2.7,-0.35
111,CCCCSc1nc(O)cc(C(=O)O)n1,0.82,2.64,-1.82
112,CO/N=C1/C=C(C)C(=O)C(C)=C1C,2.6,2.27,0.33
113,CN(C(=O)c1ccncc1)c1ccccc1,1.71,1.79,-0.08
114,Cc1cc(NC(=O)c2ccccc2)cc(C)c1O,3.79,3.31,0.48
115,CN[C@H]1CN(c2ccc3c(=O)c(C(=O)O)cn(-c4nccs4)c3n2)C[C@@H]1OC,-0.43,1.15,-1.58
116,C/C=C1/C(=O)C[C@H]2[C@@H]3CCC4=CC(=O)CC[C@]4(C)[C@H]3CC[C@]12C,4.25,4.15,0.1
117,COc1ccc(O)c2c(=O)c3c(OC)cc4c(c3oc12)[C@@H]1C=CO[C@@H]1O4,2.94,2.41,0.53
118,CC(C)CCN1CC(=O)N2Cc3[nH]c4ccccc4c3C[C@H]2C1=O,1.84,2.19,-0.35
119,c1ccc2nc(OCCN3CC3)ccc2c1,2.41,2.18,0.23
120,COc1c2c(c(OC)c3c1c(=O)c1ccccc1n3C)OCO2,2.43,2.5,-0.07
121,CCC(CC)NCCOC(=O)c1ccc([N+](=O)[O-])cc1,3.37,2.42,0.95
122,CCSC(=N)N,0.67,1.0,-0.33
123,CN1C[C@@H](CO)C=C2c3cccc4[nH]cc(c34)C[C@@H]21,1.52,1.86,-0.34
124,Cc1cc(C)nc(N2CCN(c3ccc(F)cc3)CC2)n1,2.98,3.93,-0.95
125,O=C1CC2(CCCC2)CC(=O)N1CCNC[C@H]1COc2ccccc2O1,1.7,1.73,-0.03
126,O=C1CC2(CCCC2)CC(=O)N1CCCCNC[C@H]1COc2ccccc2O1,2.27,2.36,-0.09
127,CCN(CC)CCNc1ccc(CO)c2sc3ccccc3c(=O)c12,3.74,3.78,-0.04
128,Oc1cc2c(c(Cl)c1O)CCNC[C@H]2c1ccccc1,2.26,3.18,-0.92
129,CCCCCc1cccnc1,3.05,2.19,0.86
130,CSc1ccc(-c2nc3cccc(C)n3c2Nc2ccc(Cl)cc2)cc1,5.75,5.7,0.05
131,CCN(CC)CCOCCOC(=O)C(CC)(CC)c1ccccc1,4.43,3.92,0.51
132,C[C@@H](CN1CCC(Cc2ccccc2)CC1)[C@@H](O)c1ccc(O)cc1,3.44,4.27,-0.83
133,Oc1ccc([C@@H]2Oc3ccc(O)cc3[C@@H]3CCC[C@@H]32)cc1,4.11,3.65,0.46
134,Oc1ccc(-c2csc(Nc3ccccn3)n2)cc1,3.86,3.67,0.19
135,COc1ccc(-c2cc3ccccc3[nH]2)cc1,3.48,4.03,-0.55
136,O=C(O)c1ccc(OCCOc2ccccc2)cc1,3.12,2.94,0.18
137,CC(C)c1nc(O)cc(CN2CCCCC2)n1,2.97,2.13,0.84
138,O=C(O)CCc1ccc(NCc2cccc(Oc3ccccc3)c2)cc1,4.22,5.22,-1.0
139,Cn1c(CCCC(=O)O)nc2cc(N(CCCl)CCCl)ccc21,1.8,2.63,-0.83
140,COCCOC(=O)c1c(C)oc2ccc(OC(=O)N(C)C)cc12,2.01,2.12,-0.11
141,Cc1nc2ccccc2nc1N1CCCC1,2.54,2.8,-0.26
142,Nc1ncnc2c1nnn2[C@H]1O[C@H](CO)[C@@H](O)[C@@H]1O,-2.15,-1.54,-0.61
143,COc1ccc(/C=C2\N=C(c3ccccc3)OC2=O)c(OCc2ccccc2)c1,5.25,4.56,0.69
144,O=C(NCCc1csc(-c2ccccc2)n1)c1cccs1,3.69,4.04,-0.35
145,O=C(O)C1=CCCN(CCON=C(c2ccccc2)c2ccccc2)C1,1.21,3.73,-2.52
146,O[C@@H](c1cc(C(F)(F)F)nc2c(C(F)(F)F)cccc12)[C@@H]1CCCCN1,4.11,4.33,-0.22
147,COC(=O)[C@H]1[C@@H](O)CC[C@H]2CN3CCc4c([nH]c5ccccc45)[C@H]3C[C@@H]21,2.1,2.1,0.0
148,Cc1ccc(S(=O)(=O)Nc2cccc(-c3cn4cccc(C)c4n3)c2)c(C)c1,4.82,4.59,0.23
149,Cc1nc(-c2ccc(Cl)cc2)sc1CCNC(=O)c1ccco1,3.67,3.97,-0.3
150,O[C@H]1CN2CC[C@H](O)[C@@H]2[C@@H](O)[C@@H]1O,-2.55,-3.16,0.61
151,O=C(CSc1ncccn1)N1CCCC1,0.57,1.21,-0.64
152,CCOC(=O)Cn1nc2oc(=O)c(CCN3CCN(c4ccccc4OC)CC3)c(C)c2c1C,2.98,2.67,0.31
153,COc1ccccc1CNC(=O)c1cc(C)nn1-c1ccccc1,2.75,3.17,-0.42
154,C=CCNc1ncnc2sc(SC)nc12,2.67,2.48,0.19
155,COc1nc(-c2ccc3c(c2)OCO3)n(-c2ccc(NC(=O)CSc3ccccc3)cc2)n1,4.77,4.28,0.49
156,Nc1nc(F)nc2c1ncn2[C@@H]1O[C@H](CO)[C@@H](O)[C@@H]1O,-1.47,-1.45,-0.02
157,COc1cc(Cl)c(CC(=O)c2c[nH]c3ccccc23)cc1OC,3.75,3.55,0.2
158,Cc1cc(=O)oc2cc(OS(C)(=O)=O)ccc12,1.19,1.84,-0.65
159,O=C(O)c1ccc(NCc2nc3ccccc3[nH]2)cc1,1.43,3.11,-1.68
160,CCOC(=O)C1=C[C@]2(CC)CCCN3CCc4c(n1c1ccccc41)[C@@H]32,4.07,4.04,0.03
161,Cc1ccnc(Nc2nc(-c3ccc(Cl)cc3)cs2)c1,5.28,4.87,0.41
162,CN(C)CCc1c[nH]c2ccc(CS(=O)(=O)N3CCCC3)cc12,1.52,2.14,-0.62
163,O=C(O)c1cccn2c(=O)c3ccccc3nc12,0.54,1.38,-0.84
164,Cc1ccccc1Nc1c(-c2cccc(Cl)c2)nc2ncccn12,4.49,4.9,-0.41
165,CCc1c(C(=O)OC)ncc2[nH]c3cc(OC)c(OC)cc3c12,2.71,2.27,0.44
166,NS(=O)(=O)c1ccc(CCNCc2ccc(-c3cccc(Cl)c3)o2)cc1,3.23,3.45,-0.22
167,CSc1nsc(NN)n1,1.72,0.97,0.75
168,COc1cccc(S(=O)(=O)N2CCOCC2)c1,0.65,0.54,0.11
169,CSc1nc(O)cc(Cl)n1,2.47,2.59,-0.12
170,COc1cc([C@@H]2c3cc4c(cc3[C@H](O)[C@H]3COC(=O)[C@H]23)OCO4)cc(OC)c1OC,1.62,2.33,-0.71
171,CN(C)c1ccc(/C=C/c2ccc3ccccc3n2)cc1,4.81,4.63,0.18
172,Cc1ccccc1/C=C/C1=NCCN1,2.24,2.54,-0.3
173,Cc1cc(C)c(Cn2cnc3ccccc32)c(C)c1,4.75,4.1,0.65
174,CC1CCN(CC[C@H]2CCCN2S(=O)(=O)c2cccc(O)c2)CC1,1.52,2.17,-0.65
175,c1cc(-n2nnc3cnccc32)ccn1,0.65,0.61,0.04
176,Cc1[nH]c2ccccc2c1C(=O)C(=O)Nc1ccc2c(c1)OCO2,2.85,2.67,0.18
177,Cn1cc(C(=O)C(=O)N[C@H]2CN3CCC2CC3)c2ccccc21,1.61,1.61,-0.0
178,O=C(O)CN1C(=O)CN=C(c2ccccn2)c2cc(Cl)ccc21,1.38,1.64,-0.26
179,c1ccc2c(N3CCNCC3)cccc2c1,2.53,3.13,-0.6
180,Fc1cccc(/C=N/N=C/c2cccc(F)c2)c1,3.73,4.31,-0.58
181,CCCN(CCC)[C@@H]1CCc2ccc(O)cc2C1,3.28,3.26,0.02
182,Cc1cc(C)nc(NS(=O)(=O)c2ccc(Nc3nc(-c4ccc(C(C)C)cc4)cs3)cc2)n1,5.54,6.18,-0.64
183,CC(C)(Cc1c[nH]c2ccc(Cl)cc12)NCCOc1ccccc1OCC1CC1,5.49,5.08,0.41
184,Oc1ccccc1-n1c(-c2ccccc2)ccc1-c1ccccc1,5.77,5.1,0.67
185,CC(=O)N1CCN(C)CC1,-0.74,-0.22,-0.52
186,Nc1ncnc2c1ncn2C=C=CCO,-0.46,-0.3,-0.16
187,O=C1c2ccccc2C(=O)c2nc(-c3ccccc3)c(-c3ccccc3)nc21,5.32,4.19,1.13
188,CCCC(C(=O)OCCN(CC)CC)(c1ccccc1)c1ccccc1,5.61,5.04,0.57
189,CC(C)S(=O)(=O)NC[C@H](C)c1ccc(NC(=O)c2cc(F)cc(F)c2)cc1,3.52,4.12,-0.6
190,C/C=C/c1cc2c(c(=O)o1)C(=O)[C@@H](O)[C@H](C)O2,0.98,1.09,-0.11
191,C[C@]12CCC3=C4CCC(=O)C=C4CC[C@H]3[C@@H]1CC[C@@]2(O)CC#N,2.31,2.74,-0.43
192,COCc1nnc(NS(=O)(=O)c2ccc([N+](=O)[O-])cc2)s1,0.81,1.39,-0.58
193,CNCC[C@H](Oc1ccccc1C)c1ccccc1,3.81,4.15,-0.34
194,Brc1ccc2nc(-c3ccccc3)c(Nc3ccc4c(c3)OCO4)n2c1,4.71,4.6,0.11
195,O=C(O)c1cc2cccc([N+](=O)[O-])c2[nH]1,1.59,1.72,-0.13
196,Cn1c(=O)n(CC(=O)O)c(=O)c2c1nc1n2CCCN1c1ccc(Cl)cc1,1.77,2.02,-0.25
197,COc1ccc(NC2=C(c3ccccc3)C(=O)N(Cc3ccccc3)C2=O)cc1,3.74,4.18,-0.44
198,CN1CC[C@]2(c3cccc(O)c3)Cc3nc4ccccc4cc3C[C@H]2C1,3.92,3.8,0.12
199,CN(C)c1ccc(/C=C2\CCc3ccccc3C2=O)cc1Br,5.21,4.76,0.45
200,COc1ccc(CCNC[C@H](O)c2ccc(O)cc2)cc1OC,1.55,2.5,-0.95
201,COc1ccc(CCNCc2ccc3c(c2)n(C)c(=O)n3C)cc1OC,2.49,2.96,-0.47
202,c1ccc(C(NCCNC(c2ccccc2)c2ccccc2)c2ccccc2)cc1,6.46,4.93,1.53
203,C=CCN1C[C@H](C)N([C@H](c2ccccc2)c2ccc(C(=O)N(CC)CC)cc2)C[C@H]1C,5.12,4.97,0.15
204,O=C(O)c1ccc(N2CCCCC2)cc1O,2.47,1.92,0.55
205,CC1(C)CCC[C@@]2(C)[C@H]1CC[C@@]1(C)OC(=O)C[C@H]21,3.6,3.96,-0.36
206,C[C@]12C[C@H](O)[C@@]3(F)[C@@H](C[C@H](F)C4=CC(=O)C=C[C@@]43C)[C@@H]1CC[C@]2(O)C(=O)CO,0.98,0.93,0.05
207,COc1cc(S(N)(=O)=O)c(OC)cc1N,-0.56,-0.18,-0.38
208,Fc1ccccc1-c1ccc(CNCc2ccco2)o1,3.09,2.78,0.31
209,CC1(C)C(=O)N(CCN2CCC(C(=O)c3ccc(F)cc3)CC2)c2ccccc21,4.02,3.77,0.25
210,C#CC(c1ccccc1)(c1ccccc1)n1ccnc1,3.6,4.08,-0.48
211,CCOC(=O)c1cncn1[C@H](C)c1ccccc1,2.5,2.74,-0.24
212,C/C=C1\CN2CC[C@]34C(=C(C=O)[C@H]1C[C@H]23)Nc1ccccc14,1.39,2.57,-1.18
213,CC(C)(C)[C@]1(O)CCN2C[C@H]3c4ccccc4CCc4cccc(c43)[C@@H]2C1,4.94,5.12,-0.18
214,CCCCc1c(-c2ccc(OC)cc2)[nH]c2nccnc12,3.65,3.8,-0.15
215,CC(=O)[C@H]1CC[C@H]2[C@@H]3CCC4=CC(=O)C=C[C@]4(C)[C@H]3C(=O)C[C@]12C,3.22,3.39,-0.17
216,COc1cccc2c(C)nc(Nc3nc(O)cc(CSc4nnc(C)s4)n3)nc12,3.27,3.37,-0.1
217,Cn1c(N)c(S(=O)(=O)N2CCN(c3ccccc3F)CC2)c(=O)n(C)c1=O,0.08,1.06,-0.98
218,CCOC(=O)O[C@]1(C(=O)OCCl)CC[C@H]2[C@@H]3CCC4=CC(=O)C=C[C@]4(C)[C@H]3[C@@H](O)C[C@@]21C,3.94,3.13,0.81
219,O=C(c1ccccc1)c1ccc[nH]1,2.43,2.22,0.21
220,CC(C)(C)C1CCC2(CC1)CCN(CCCN1CCOCC1)CC2,3.68,3.43,0.25
221,Cc1ccccc1N1CCN(CCc2nnc3n2CCCC3)CC1,2.42,2.4,0.02
222,O=[N+]([O-])c1ccc(S(=O)(=O)NCCc2cn3ccccc3n2)cc1,1.57,1.13,0.44
223,CCOC(=O)c1ccc(N(C)c2csc(-c3ccccc3)n2)cc1,5.28,4.72,0.56
224,C[C@H]1O[C@@H](Oc2c(-c3cc(O)c(O)c(O)c3)oc3cc(O)cc(O)c3c2=O)[C@@H](O)[C@@H](O)[C@@H]1O,0.6,0.75,-0.15
225,CCN(Cc1cccnc1)C(=O)CN(c1ccc(OC)nc1)S(=O)(=O)c1ccccc1C,2.4,3.05,-0.65
226,COc1ccccc1N1CCN(CCCCN2C(=O)CCC2=O)CC1,1.41,1.67,-0.26
227,CCCCN(CC)C(=O)Cn1nc(Cc2ccncc2)c2ccccc2c1=O,2.47,2.28,0.19
228,COc1ccc(-c2cc(C(=O)O)c3ccccc3n2)cc1OC,3.51,2.71,0.8
229,COc1cc2c(cc1CC=C(C)C)C(=O)C[C@@H](c1ccc(O)cc1)O2,4.36,4.52,-0.16
230,COc1ccc(S(=O)(=O)NCCCn2ccnc2)cc1C(C)(C)C,2.16,2.31,-0.15
231,CCN1CC[C@@](O)(/C=C/c2ccc(C)cc2)[C@H](C(=O)/C=C/c2ccc(C)cc2)C1,5.45,5.03,0.42
232,CC(C)[C@H]1C(=O)O[C@@H]2CCN3CC=C(COC(=O)[C@](C)(O)[C@]1(C)O)[C@H]23,0.4,0.51,-0.11
233,CCc1cccc2c3c([nH]c12)[C@@](CC)(CC(=O)O)OCC3,3.44,3.49,-0.05
234,COc1ccccc1N1CCN(CCN2C(=O)c3ccccc3C(C)(C)C2=O)CC1,3.6,2.85,0.75
235,CC1(C)CC[C@]2(C(=O)n3ccnc3)CC[C@]3(C)[C@H](C(=O)C=C4[C@@]3(C)CC[C@H]3C(C)(C)C(=O)C(C#N)=C[C@]43C)[C@@H]2C1,5.8,4.85,0.95
236,c1ccc(-n2ncc3cccnc32)cc1,2.23,2.15,0.08
237,O=C1OC(c2ccccc2)=N/C1=C\c1ccc(N(CCCl)CCCl)cc1,5.28,5.0,0.28
238,CN1[C@H]2CC[C@@H]1C[C@@H](OC(=O)[C@H](CO)c1ccccc1)C2,1.57,1.6,-0.03
239,COc1ccc(-c2csc3ncnc(NCCN4CCOCC4)c23)cc1,2.65,2.58,0.07
240,CCCCN(CCCC)C(=O)CN1C[C@H](c2ccc3c(c2)OCO3)[C@@H](C(=O)O)[C@@H]1c1ccc(OC)cc1,1.76,4.39,-2.63
241,Cn1c(=O)n(C)c2cc(S(=O)(=O)NCC(=O)O)ccc21,-0.46,-0.9,0.44
242,COc1ccc2c(c1)-c1nc(NC(=O)c3ccc(C)cc3)sc1CC2,5.49,5.12,0.37
243,CCC1=C[C@@H]2CN3CCc4c([nH]c5ccccc45)[C@@](C(=O)OC)(C2)[C@@H]13,3.19,3.7,-0.51
244,OCc1nc2ccccc2n1C/C=C/c1ccccc1,3.12,3.26,-0.14
245,CCCCCCCCCCNCCSSCc1ccc(Cl)cc1,7.03,5.59,1.44
246,Oc1ccc(-c2nc3ccc(Cl)cn3c2Nc2ccc(Cl)cc2)cc1,5.23,5.1,0.13
247,COC(=O)c1cc(-c2c[nH]cc2C(=O)OCc2ccccc2)cn1S(=O)(=O)c1ccc(C)cc1,4.87,4.1,0.77
248,Brc1c(Br)c(Br)c2[nH]cnc2c1Br,4.33,3.76,0.57
249,COc1cc2c3c(n(C)c(=O)c2cc1OC)-c1cc2c(cc1C3=O)OCO2,1.43,2.35,-0.92
250,Cn1c(NC(=O)c2ccc(S(=O)(=O)N3CCOCC3)cc2)cc(=O)n(C)c1=O,-0.4,0.12,-0.52
251,CC(C)(C)C(=O)Nc1ccc(NC(=O)C(C)(C)C)cc1,4.05,3.22,0.83
252,COc1cc2c(Nc3ccc(NC(=O)c4ccccc4)cc3)ncnc2cc1OCCCN1CCOCC1,4.1,3.84,0.26
253,c1ccc(C(O[C@@H]2CCCN(CCc3ccc4c(c3)OCO4)C2)c2ccccc2)cc1,5.75,5.52,0.23
254,Cc1ccc(C(=O)N(CCCN)[C@@H](c2nc3cc(Cl)ccc3c(=O)n2Cc2ccccc2)C(C)C)cc1,5.53,6.12,-0.59
255,COc1cccc(-n2cc(C(=O)O)c3ccccc3c2=O)c1,2.54,2.3,0.24
256,O=C(O)c1ccccc1-c1c2ccc(=O)c(O)c-2oc2c(O)c(O)ccc12,2.3,2.55,-0.25
257,Cc1nnc(SCc2cc(O)nc(Nc3nc(C)c4cc(C)c(C)cc4n3)n2)s1,4.45,4.41,0.04
258,CCS(=O)(=O)N1CCC[C@@H]2CN3CCc4cc(OC)ccc4[C@@H]3C[C@@H]21,1.56,2.11,-0.55
259,Cc1c(-c2ccccc2)n(O)[n+]([O-])c1-c1ccccc1,0.8,2.72,-1.92
260,CNCCNS(=O)(=O)c1cccc2cnccc12,-0.1,0.74,-0.84
261,CCOC(CNCc1cc(C)c2[nH]c3ccccc3c2c1C)OCC,4.62,4.25,0.37
262,COC(=O)C[C@@](O)(CCC(C)(C)O)C(=O)O[C@@H]1C(OC)=C[C@]23CCCN2CCc2cc4c(cc2[C@@H]13)OCO4,1.44,1.54,-0.1
263,CCN(CC)Cc1cc2[nH]c3c4ccc(Cl)cc4ncc3c2cc1OC,4.35,4.32,0.03
264,CN1CCN([C@H]2Cc3ccccc3Sc3ccc(Cl)cc32)CC1,4.65,4.53,0.12
265,COc1ccc2c3c1O[C@@H]1C[C@H](O)C=C[C@]31CCN(C)C2,1.16,1.81,-0.65
266,COc1cccc(/C=C/c2nc(C#N)c(NCCN(C)C)o2)c1,2.15,2.03,0.12
267,CCN1CCc2ccccc2C1,2.31,2.41,-0.1
268,O=C1Cc2ccccc2N1c1c(Cl)cccc1Cl,3.8,3.97,-0.17
269,CCC(C)(C)c1ccc(Oc2cccc(C(=O)O)c2)cc1,5.12,5.29,-0.17
270,CCOC(=O)Cc1c(C)nc2c(-c3ccccc3)cnn2c1C,2.77,2.86,-0.09
271,Cc1cc(N2CCN(c3ccccc3)CC2)nc2ccccc12,5.09,4.85,0.24
272,CCCOc1ccc(-c2nc(N3CCCCC3)c3ccccc3n2)cc1,6.06,5.62,0.44
273,N[C@@H]1CCCCN(c2c(F)cc3c(=O)c(C(=O)O)cn(C4CC4)c3c2Cl)C1,0.54,2.53,-1.99
274,NS(=O)(=O)c1cccnc1Nc1cccc(C(F)(F)F)c1,2.27,2.52,-0.25
275,Cn1c(=O)n(CCN2CCOCC2)c(=O)c2c1nc1n2CCCN1c1ccccc1,1.49,1.3,0.19
276,COc1ccccc1-c1ccc(SCc2cccc(C)c2)nn1,5.01,5.05,-0.04
277,C[C@]12CC[C@H]3[C@@H](C[C@H](F)C4=CC(=O)CC[C@@]43C)[C@@H]1CC[C@@H]2O,3.03,3.18,-0.15
278,Cc1sc(NC(=O)c2cccs2)nc1-c1ccccc1,5.0,4.48,0.52
279,Nc1ccc(Nc2ccccc2)c(S(=O)(=O)O)c1,1.54,1.56,-0.02
280,Oc1cccc2c(O)nccc12,1.73,1.22,0.51
281,Cc1ccc2nc(-c3ccccc3F)c(Nc3ccc(Cl)cc3)n2c1,5.58,5.27,0.31
282,Cc1cc(C(=O)N2CCN(c3cccc(Cl)c3)CC2)n(-c2ccccc2)n1,3.75,4.7,-0.95
283,Cc1cccn2c(=O)c3cc(C(=O)NCCc4ccc(S(N)(=O)=O)cc4)n(C)c3nc12,1.22,2.58,-1.36
284,C[C@](N)(CCP(=O)(O)O)C(=O)O,-3.44,-2.42,-1.02
285,Nc1ncnc2sc3c(c12)CCCC3,2.64,1.57,1.07
286,Cc1cc(C(=O)NCc2ccc(F)cc2)n(-c2ccccc2)n1,3.05,3.84,-0.79
287,O=c1cccc2n1C[C@H]1C[C@@H]2CN2CCCC[C@@H]12,1.01,1.76,-0.75
288,C=CCN1CCc2c(cc(O)c(O)c2Cl)[C@@H](c2ccccc2)C1,3.93,3.72,0.21
289,O=C1[C@H]2[C@@H]3CC[C@@H](C3)[C@H]2C(=O)N1C[C@@H]1CCCC[C@H]1CN1CCN(c2nsc3ccccc23)CC1,4.56,3.94,0.62
290,N#Cc1c(N)nc(SCc2csc(-c3ccc(Cl)cc3)n2)c(C#N)c1-c1ccc(OCCO)cc1,5.04,5.05,-0.01
291,N#CCc1cnc2ccccc2n1,1.38,1.58,-0.2
292,COc1ccc(Br)c2c1C(=O)CC2,2.45,2.29,0.16
293,Oc1ccnc2c(C(F)(F)F)cccc12,2.71,1.64,1.07
294,Nc1ccc(Br)cc1Br,2.68,2.99,-0.31
295,Oc1cccc2ccc(N3CCOCC3)nc12,2.31,1.63,0.68
296,O=C(NC1CCOCC1)c1ccc(-c2cc(-c3c[nH]nc3-c3ccccn3)ccn2)cc1,2.98,2.75,0.23
297,O=c1ccc(S(=O)(=O)N2CCCC2)cn1Cc1ccc(F)cc1,1.47,2.26,-0.79
298,c1ccc2c(CC3=NCCN3)cccc2c1,2.19,2.91,-0.72
299,c1cc(-c2sc(-c3ccncc3)c(-c3ccncc3)c2-c2ccncc2)ccn1,3.47,4.13,-0.66
300,O=C(Nc1ccc(Cl)cc1)c1cc2c(cc1O)[nH]c1ccccc12,4.48,4.07,0.41
301,CCOc1ccc(-c2ccc(SCC)nn2)cc1,3.48,3.63,-0.15
302,O=C(C(=O)N1CCN(c2cccc(Cl)c2)CC1)c1c[nH]c2ccccc12,3.57,3.04,0.53
303,CC(C)n1nnc2cc(C(=O)O)ccc21,1.86,1.75,0.11
304,COc1cc(/C=C2\CCOC2=O)cc(OC)c1OC,1.96,2.0,-0.04
305,CCOC(=O)c1cnn2c(SC)ncnc12,1.64,1.36,0.28
306,Cc1ccc2ccc(C#N)cc2c1O,3.03,2.66,0.37
307,CN1C[C@@H]2c3ccccc3Oc3ccc(Cl)cc3[C@H]2C1,3.72,3.91,-0.19
308,O=C(c1cccc(Br)c1)N1CCN(C(=O)N2CCOCC2)CC1,1.01,1.44,-0.43
309,CCCN(CCC)[C@@H]1CCc2cccc(O)c2C1,3.54,3.76,-0.22
310,CCCCN1C[C@H](O)[C@@H](O)[C@H](O)[C@H]1CO,-1.18,-1.55,0.37
311,CSc1nc(O)nnc1Sc1ccccc1,3.45,2.97,0.48
312,C=C1/C(=C/C=C2/CCC[C@@]3(C)[C@H]2CC[C@@H]3[C@H](C)CCCC(C)C)C[C@@H](O)C[C@@H]1O,5.82,5.48,0.34
313,COc1ccc2cc1Oc1ccc(cc1)C[C@@H]1c3c(cc(OC)c4c3Oc3cc5c(cc3O4)CCN[C@H]5C2)CCN1C,5.94,4.5,1.44
314,CN1CCN(C(=O)c2cc3cc(Cl)ccc3[nH]2)CC1,1.74,2.02,-0.28
315,Nc1ccc2c(c1Cl)C(=O)c1ccc(N)c(Cl)c1C2=O,2.47,2.41,0.06
316,O=C(O)[C@@H]1C[C@H]2C[C@@H](CP(=O)(O)O)CC[C@H]2CN1,-2.16,-1.32,-0.84
317,CCOC(=O)Oc1c(OC)cc(C(=O)O[C@@H]2C[C@@H]3CN4CCc5c([nH]c6cc(OC)ccc56)[C@H]4C[C@@H]3[C@H](C(=O)OC)[C@H]2OC)cc1OC,4.27,3.87,0.4
318,O=C(O)c1cc2cc(Cc3cccnc3)ccc2o1,1.41,2.46,-1.05
319,Cc1ccc(S(=O)(=O)/C=C/C#N)cc1,1.71,1.94,-0.23
320,Cn1c(C(=O)N2CCN(c3ccccn3)CC2)cc2c(=O)n(C)c3ccccc3c21,2.16,2.08,0.08
321,O=C(O)c1cccc(-c2noc(-c3ccccc3F)n2)c1,3.92,3.4,0.52
322,c1ccc(-c2csc(Nc3ccccn3)n2)cc1,4.17,4.47,-0.3
323,C=CCN=C(NC#N)SC,1.63,1.81,-0.18
324,Cc1oc(C(=O)O)cc1COc1ccc2c(oc(=O)c3ccccc32)c1C,3.92,3.79,0.13
325,CCn1cc(Br)c(C(=O)Nc2ccc(F)c(Cl)c2)n1,3.75,3.87,-0.12
326,N#CC(C#N)=Cc1ccc(O)c(O)c1,1.57,1.85,-0.28
327,Cc1nnc2sc(SCc3ccc([N+](=O)[O-])cc3)nn2c1=O,3.3,2.86,0.44
328,CNC(=O)c1cc(COc2nnc(Nc3ccc(Cl)cc3)c3ccoc23)ccn1,2.98,3.65,-0.67
329,CC(C)(C)c1ccc(C(=O)CCCN2CCC(OC(c3ccccc3)c3ccccc3)CC2)cc1,6.96,6.43,0.53
330,Cc1nnc2nc(-c3ccccc3)nc(-c3ccccc3)n12,2.94,3.45,-0.51
331,c1ccc(-c2ccc3c(c2)NCCN3)cc1,2.39,3.18,-0.79
332,COCCN=C(S)Nc1ccc2nc(N3CCN(C)CC3)cc(C)c2c1,3.0,3.14,-0.14
333,O=C1/C(=C/c2ccccc2)CN(C(=O)/C=C/c2ccccc2)C/C1=C\c1ccccc1,5.87,4.84,1.03
334,CCOC(=O)/C(C#N)=C\c1c[nH]c2ccccc12,2.78,1.82,0.96
335,CC(C)(C)NCC[C@@H](O)c1cc(C(F)(F)F)nc2c(C(F)(F)F)cccc12,4.31,4.19,0.12
336,CN(C(=O)Cc1ccc(Cl)c(Cl)c1)[C@@H]1CC[C@]2(CCCO2)C[C@H]1N1CCCC1,3.81,3.67,0.14
337,COc1ccc(-c2nc3ncccn3c2Nc2ccc3c(c2)OCCO3)cc1,2.73,3.12,-0.39
338,CCOC(=O)CCC(=O)Nc1ccc(S(=O)(=O)N2CCc3ccccc32)cc1,2.29,2.47,-0.18
339,O=C(Nc1ccccc1OC(F)F)c1ccc(S(=O)(=O)N2CCOCC2)cc1,2.67,1.63,1.04
340,c1ccc(-c2nc(-c3ccccn3)nc(-c3ccccn3)n2)nc1,4.42,2.64,1.78
341,CC1(C)CCC[C@@](C)([C@H]2CC[C@]3(C)[C@@H]2[C@H](O)C[C@@H]2[C@@]4(C)CC[C@H](O)C(C)(C)[C@@H]4[C@@H](O)C[C@]23C)O1,4.32,4.15,0.17
342,CCOC(=O)c1nn(-c2ccccc2)cc1O,2.95,2.32,0.63
343,COc1cc([C@@H]2c3cc4c(cc3[C@@H](O)[C@H]3COC(=O)[C@H]23)OCO4)cc(OC)c1O,1.48,2.0,-0.52
344,CCOc1ccc(-c2nnc(SCC(=O)N3CCCC3)o2)cc1,1.7,1.94,-0.24
345,N=C(N)NC(=N)Nc1ccccc1,0.73,0.09,0.64
346,C[C@H]1CNCCc2ccc(Cl)cc21,2.83,2.69,0.14
347,O=C(c1ccc2c(c1)OCCO2)N1CCCCC1,1.63,1.9,-0.27
348,Nc1ccc(C(=O)Nc2cccc(N)c2)cc1,1.41,2.03,-0.62
349,CCc1noc2cc(-c3ccccc3)n(C)c(=O)c12,1.96,2.91,-0.95
350,O=[N+]([O-])c1ccccc1S(=O)(=O)N1CCc2ccccc21,2.66,2.9,-0.24
351,CC(C)NC[C@H](O)COc1cccc2ccccc12,2.58,2.91,-0.33
352,CN(Cc1ccccc1)C(=O)C(=O)c1c[nH]c2ccccc12,2.95,3.0,-0.05
353,COc1ccc2c(c1)N(C[C@H](C)CN(C)C)c1ccccc1S2,4.25,4.22,0.03
354,Fc1ccc(C(OCCN2CCN(C/C=C/c3ccccc3)CC2)c2ccc(F)cc2)cc1,6.12,6.35,-0.23
355,CN1CCc2cccc3c2[C@@H]1Cc1ccc(O)c(O)c1-3,2.88,2.91,-0.03
356,O=C(c1cc(O)c(O)c([N+](=O)[O-])c1)c1ccccc1F,2.91,2.64,0.27
357,CC(C)NC[C@@H](O)c1ccc(NS(C)(=O)=O)cc1,-0.4,0.31,-0.71
358,c1ccc(NN(Cc2ccncc2)c2ccccc2)cc1,4.32,4.62,-0.3
359,CC(C)(C)c1cc(NCc2ccccn2)n2ncc(-c3ccc(Cl)cc3)c2n1,4.99,4.32,0.67
360,Oc1ccc(Nc2nc(-c3ccccc3)cs2)cc1,4.49,4.34,0.15
361,CCCOc1ccc(Br)cc1-c1cc(-c2ccc(Cl)cc2)[nH]c1-c1ccncc1,6.71,6.11,0.6
362,COC(=O)CCC(=O)CN,-0.85,-1.13,0.28
363,Oc1cccc2cnccc12,1.44,1.25,0.19
364,CCOP(=O)(Nc1ccc(C)cn1)OCC,1.65,1.15,0.5
365,Cc1ccc(N2C(=O)c3ccc(C(=O)N4CCN(c5ccccc5F)CC4)cc3C2=O)cc1,4.27,4.86,-0.59
366,CNC(=O)c1ccc2cc([C@]3(O)CCn4cncc43)ccc2c1,0.75,1.98,-1.23
367,Cc1cccc(Nc2nc(-c3ccc(F)c(C)c3)cs2)n1,4.95,4.73,0.22
368,O=[N+]([O-])c1ccc(CSc2nnc(-c3ccncc3)n2-c2ccccc2)cc1,4.46,3.96,0.5
369,Cc1nn(-c2ccccc2)c(C)c1/C=N/N1CCN(Cc2ccccc2)CC1,3.56,3.4,0.16
370,O=C(c1cnc2n(c1=O)CCS2)N1CCN(c2ccc([N+](=O)[O-])cc2)CC1,1.56,1.91,-0.35
371,O=C1C=C2C=C[C@@H]3C[C@@]2(O1)[C@H]1CCCCN31,1.41,1.18,0.23
372,O=S1(=O)CCN(c2ccccc2CC(c2c[nH]c3ccccc23)c2c[nH]c3ccccc23)CC1,4.9,5.39,-0.49
373,CSc1sc(C)cc1-c1nsc(=O)o1,4.05,2.31,1.74
374,Cc1c(O)ccc2c1oc(=O)c1ccccc12,3.14,2.66,0.48
375,C[C@H]1CC[C@H]2NCCN[C@H]2C1,0.97,1.36,-0.39
376,COc1cccc(S(=O)(=O)NCc2ccc(C(=O)Nc3cccc(Cl)c3)cc2)c1,4.07,4.59,-0.52
377,COc1cc(OC)cc(C2(C#N)CCN(C)CC2)c1,1.7,2.01,-0.31
378,CC(C)c1ccc2oc3nc(N)c(C(=O)O)cc3c(=O)c2c1,3.65,2.62,1.03
379,CCOc1ccc(C(C)C)cc1S(=O)(=O)Nc1cccnc1,2.69,2.88,-0.19
380,c1ccc(N2CCN(CCCOc3ccc4c(c3)OCO4)CC2)cc1,3.26,3.27,-0.01
381,Cc1ccn2c(NC(=O)c3ccco3)c(-c3ccccc3)nc2c1,3.55,3.0,0.55
382,COc1ccc(S(=O)(=O)N(C(C)=O)c2ccccc2/C=C/c2cc[n+]([O-])cc2)cc1,2.15,2.83,-0.68
383,O=c1cccc2n1C[C@@H]1CNC[C@H]2C1,-0.28,0.84,-1.12
384,CCOC(=O)Cc1c(C)nc2c(-c3ccccc3OC)c(C)nn2c1C,2.75,2.82,-0.07
385,CCOC(=O)c1cnc2ccc(OCC)cc2c1N1CCN(c2ccccc2)CC1,4.54,4.64,-0.1
386,CC(C)c1cc(NCc2ccccn2)n2ncc(-c3ccccc3)c2n1,3.83,4.19,-0.36
387,COc1cc2c(cc1O)C[C@@H]1c3c(cc(O)c(OC)c3-2)CCN1C,2.78,2.61,0.17
388,N#CC1(c2ccc(NC(=O)c3cccnc3NCc3ccncc3)cc2)CCCC1,4.29,4.0,0.29
389,CN1[C@H]2CC[C@@H]1C[C@@H](OC(=O)[C@H](CO)c1ccccc1)C2,1.57,1.69,-0.12
390,Nn1c(Cc2ccccc2)nnc1Cc1ccccc1,1.84,3.14,-1.3
391,Cc1ccc(Nc2c(-c3ccc(N4CCOCC4)cc3)nc3cccc(C)n23)cc1,4.92,5.21,-0.29
392,N#Cc1ccc2c(c1)N(CCCN1CCC(O)CC1)c1ccccc1S2,3.11,4.25,-1.14
393,CC(C)(C)c1ccc(NS(=O)(=O)c2ccc(N)cc2)cc1,3.18,3.89,-0.71
394,CCCN1CCC[C@H](c2cccc(O)c2)C1,2.67,2.64,0.03
395,CN(C)C(=O)Oc1cc(OC(=O)N(C)C)cc([C@@H](O)CNC(C)(C)C)c1,1.4,1.17,0.23
396,NS(=O)(=O)C#Cc1ccccc1,1.09,1.26,-0.17
397,COc1cc2c(cc1OC)CC(=O)N(CCCN(C)C[C@H]1Cc3cc(OC)c(OC)cc31)CC2,2.72,3.14,-0.42
398,C[C@@H](C(=O)O)c1ccc(-c2ccccc2)c(F)c1,3.94,3.92,0.02
399,Cc1cccc(C)c1Nc1c(-c2ccc(N3CCOCC3)cc2)nc2ncccn12,4.29,4.2,0.09
400,CC(C)OC(=O)COc1cc(O)c2c(=O)cc(-c3ccccc3)oc2c1,3.55,3.53,0.02
401,c1cc(-c2nn[nH]n2)ccc1-c1nn[nH]n1,1.94,0.83,1.11
402,FC(F)(F)c1nnc2c(Sc3ccccc3)nc3ccc(Cl)cc3n12,4.63,4.62,0.01
403,COc1ccc(C=C(C#N)C#N)cc1,2.01,2.47,-0.46
404,O=C(c1ccc(CS(=O)(=O)c2c(Cl)cccc2Cl)o1)N1CCN(c2ccccn2)CC1,3.29,2.94,0.35
405,O=C1c2ccccc2C(=O)N1c1nc(-c2ccccc2)cs1,3.95,3.77,0.18
406,Cc1cc(C)c(S(=O)(=O)N2CCCCC2)c(C)c1N(C)S(=O)(=O)c1ccccc1,4.13,4.05,0.08
407,Nn1nnc2ccccc21,0.34,0.81,-0.47
408,Nc1ccc(C(=O)C(=O)c2ccc(N)cc2)cc1,1.59,1.59,-0.0
409,CCN1CCN(c2cc(C)c3cc(NC(=O)c4ccco4)ccc3n2)CC1,3.7,3.3,0.4
410,Cc1ccc2nc(-c3cccc(S(=O)(=O)N4CCCC4)c3)cn2c1,2.77,2.63,0.14
411,COC(=O)c1ccccc1NC(=O)c1noc2c1CCC2,3.24,2.34,0.9
412,O=C(c1sc2ccccc2c1Cl)N1CCN(c2ccccn2)CC1,4.0,3.52,0.48
413,CCOC(=O)N1CCN(c2c(N3CCN(c4ccccn4)CC3)c(=O)c2=O)CC1,1.29,1.0,0.29
414,c1cc2c3c(cccc3c1)NC1(CCC3(CC1)Nc1cccc4cccc(c14)N3)N2,4.49,5.93,-1.44
415,NC(=O)c1ccc(OC[C@H](O)CN2CC=C(c3ccc(F)cc3)CC2)cc1,2.36,2.07,0.29
416,COc1cc(O)cc(O)c1C(=O)/C=C/c1ccccc1,3.78,3.76,0.02
417,Cc1cccc(-n2ncc3c(N4CCN(CCO)CC4)ncnc32)c1,1.89,2.2,-0.31
418,CS(=O)(=O)Nc1ccc(Cc2noc(-c3ccc4[nH]cc(CCN)c4c3)n2)cc1,1.7,2.58,-0.88
419,O=C(O)[C@H](Cc1c[nH]c2ccccc12)N1C(=O)c2ccccc2C1=O,2.72,2.73,-0.01
420,CSc1ccc(-c2nc3ncccn3c2Nc2ccc(C)c(C)c2)cc1,5.02,5.37,-0.35
421,Cn1nc(-c2ccccc2)cc1N,1.69,1.26,0.43
422,O=S(=O)(c1ccc(C2CCCCC2)cc1)N1CCOCC1,2.92,3.1,-0.18
423,Nc1ncnc2c1ncn2[C@@H]1O[C@H](CO)C[C@@H]1O,-1.4,-1.13,-0.27
424,CS(=O)(=O)c1ccc(Sc2nc3ccccc3s2)c([N+](=O)[O-])c1,3.77,3.44,0.33
425,CC[C@@]1(O)C(=O)OCc2c1cc1n(c2=O)Cc2cc3c(N)cccc3nc2-1,0.39,1.93,-1.54
426,O=C1CCCC(=O)C1C(=O)c1ccc(C(F)(F)F)cc1[N+](=O)[O-],3.13,1.75,1.38
427,C[C@@]12N[C@@H](Cc3ccccc31)c1ccccc12,3.31,2.88,0.43
428,O=C(Nc1ccccc1Cl)C(=O)c1cn(CC(=O)N2CCOCC2)c2ccccc12,2.75,3.29,-0.54
429,COCCN(CCOC)c1nc(S(=O)(=O)c2ccc(C)cc2)c(Cl)s1,4.16,3.25,0.91
430,CCCCOC(=O)c1cccnc1,2.08,2.0,0.08
431,CCCCCCC(=O)OC1CC(C)(C)NC(C)(C)C1,3.44,3.39,0.05
432,COc1ccc(C(=O)n2nc(C)cc2C)cc1OC,1.47,2.32,-0.85
433,CNCC[C@H](Oc1cccc2ccccc12)c1cccs1,4.2,4.79,-0.59
434,COc1ccc(Nc2ncc(C(=O)O)c3ccccc23)cc1,1.7,2.99,-1.29
435,CC(C)(O)CC[C@@H](O)[C@](C)(O)[C@H]1CC[C@@]2(O)C3=CC(=O)[C@@H]4C[C@@H](O)[C@@H](O)C[C@]4(C)[C@H]3CC[C@]12C,0.61,0.36,0.25
436,O=C1c2ccc(O)cc2O[C@H](c2cc(O)c(O)c(O)c2)[C@H]1O,1.17,1.34,-0.17
437,CCOc1ccc(NC(=O)c2cc3ccccc3cc2O)cc1,3.95,4.31,-0.36
438,COc1ccc(NC2=NCCO2)c2c1CCCC2,3.16,1.83,1.33
439,OC[C@H]1O[C@@H](n2cnc3c(NC4CCCCC4)ncnc32)[C@H](O)[C@@H]1O,0.01,0.18,-0.17
440,O=C(c1cc2ccccc2[nH]1)N1CCOCC1,1.07,1.18,-0.11
441,C[C@]12CCC(=O)C[C@@H]1CC[C@@H]1[C@@H]2CC[C@@]2(C)[C@H]1CC[C@]2(C)O,3.69,4.07,-0.38
442,COc1ccc(-c2cc(=S)ss2)cc1,3.29,3.77,-0.48
443,Nc1ccc(Cl)cc1C(=O)c1ccccc1Cl,4.46,4.18,0.28
444,O=c1cc(-c2ccccc2)oc2c(O)c(O)ccc12,2.36,2.34,0.02
445,C=CCn1c(-c2ccc(OC)cc2)nc2nc3ccccc3nc21,4.1,3.57,0.53
446,O=C(OCC(O)COC(=O)c1cccnc1)c1cccnc1,0.72,0.07,0.65
447,CCN(CC)CCNC(=O)c1ccc(NS(C)(=O)=O)cc1,-0.43,1.54,-1.97
448,CCOc1ccc(NC(=O)CCSc2nnc(C)s2)cc1,2.43,2.72,-0.29
449,COc1ccc2c(c1)c(CC(=O)OCC(=O)O)c(C)n2C(=O)c1ccc(Cl)cc1,3.15,4.08,-0.93
450,Clc1nnc2c3ccccc3ccn12,1.7,2.01,-0.31
451,Cc1cc(N2CCN(C)CC2)n2nc(-c3ccc(Cl)cc3)nc2n1,3.52,2.89,0.63
452,COc1ccc2nc(-c3ccc(Cl)cc3)cc(C(=O)O)c2c1,4.27,4.22,0.05
453,CCCCOc1ccc(NC(=N)Nc2ccc(Cl)cc2)cc1,4.9,4.0,0.9
454,COc1cc(C(=O)C(=O)c2ccc(O)c(OC)c2)ccc1O,2.32,2.03,0.29
455,Cn1cc(C(=O)C(=O)NC2CCCCC2)c2ccccc21,3.03,3.32,-0.29
456,CCN(c1ccccc1)c1nc(Cl)nc2c1cnn2C,3.39,3.3,0.09
457,Cc1ccc(C)c(S(=O)(=O)Nc2ccc3scnc3c2)c1,3.63,3.56,0.07
458,Cc1ccc(S(=O)(=O)NCc2ccccc2)cc1,3.04,3.3,-0.26
459,CC1(C)CCC=[N+]1[O-],-2.64,-0.81,-1.83
460,CC1(O)C=CC(=O)C=C1,0.69,0.94,-0.25
461,C[C@@H](Cc1ccc(O)c(O)c1)[C@H](C)Cc1ccc(O)c(O)c1,4.76,3.63,1.13
462,CCCCOc1ccc(C(=O)Nc2cccc(C)n2)cc1,3.74,3.93,-0.19
463,Oc1nccc(SCc2ccc(Cl)cc2Cl)n1,4.48,4.28,0.2
464,COc1ccc2nc(Nc3nc(C)c(CCC(C)C)c(O)n3)nc(C)c2c1,4.83,3.92,0.91
465,C[C@@](N)(C(=O)O)[C@H]1C[C@@H]1C(=O)O,-2.81,-2.46,-0.35
466,Nc1ccccc1Sc1cc(Cl)nnc1Cl,2.78,3.59,-0.81
467,Oc1ccc(-c2nc3ncccn3c2Nc2ccc(Cl)cc2)cc1,3.67,3.96,-0.29
468,CCOC(=O)Cn1c(=O)c2c(nc3n2CCCCN3c2ccc(OCC)cc2)n(C)c1=O,2.39,3.31,-0.92
469,CN(C)CCNc1oc(COc2ccc(Cl)cc2)nc1C#N,1.98,2.37,-0.39
470,Cc1cc(C)c2c(n1)nn1c(N3CCN(c4ccccn4)CC3)cc(C)nc21,3.22,3.45,-0.23
471,O=C(O)c1ccc(S(=O)(=O)N2CCc3ccccc3C2)cc1,2.45,2.74,-0.29
472,Cn1c(=O)c2c(nc(Cc3ccc(N)cc3)n2C)n(C)c1=O,0.58,1.07,-0.49
473,c1ccc(-c2nnc3oc(-c4cccs4)nn23)cc1,2.86,3.26,-0.4
474,NCCNc1ccc(NCCN)c2c1C(=O)c1ccncc1C2=O,0.35,0.08,0.27
475,Cc1cnc(SCc2ccc(Cl)cc2Cl)nc1O,4.99,4.93,0.06
476,c1ccc2c(Oc3nc(Nc4ccc(N5CCOCC5)cc4)c4ncn(C5CCCCC5)c4n3)cccc2c1,6.82,6.17,0.65
477,O=C(Nc1ccc2c(c1)OCO2)c1noc2c1CCCCC2,3.1,2.6,0.5
478,COc1ccc(N2CCCn3c2nc2c3c(=O)n(C)c(=O)n2C)cc1,1.53,1.4,0.13
479,N[C@H]1C[C@@H]1c1ccccc1,1.34,1.26,0.08
480,Cc1cc(-c2ccc(N3C(=O)CC4(CCCC4)C3=O)c(C)c2)ccc1N1C(=O)CC2(CCCC2)C1=O,5.53,5.07,0.46
481,COc1cnc(NS(=O)(=O)c2ccc(N)cc2)nc1,0.23,0.74,-0.51
482,CC(C)(C)OC(=O)COc1cc(O)c2c(=O)cc(-c3ccccc3)oc2c1,3.83,3.92,-0.09
483,Cc1ccc(Nc2c(-c3ccc(C)cc3)nc3cnccn23)cc1,4.13,4.39,-0.26
484,CC(C)(C)c1onc(OCP(=O)(O)O)c1C[C@H](N)C(=O)O,-1.1,-1.36,0.26
485,COc1ccccc1N1CCN(CCN2C(=O)CC3(CCCC3)CC2=O)CC1,2.29,2.0,0.29
486,Nc1[nH]nc2nc(-c3ccccc3)nc(O)c12,2.02,1.34,0.68
487,C#CCSc1nc(-c2ccco2)n[nH]1,2.52,1.47,1.05
488,Clc1ccc(Nc2c(-c3ccccc3Cl)nc3ccc(Cl)cn23)cc1,6.13,6.05,0.08
489,CO[C@]1(C2=NCCN2)COc2ccccc2O1,1.37,1.09,0.28
490,[N-]=[N+]=Nc1ccc2c(c1)Sc1ccccc1N2CCCCN1CCN(Cc2ccc(C(=O)c3ccccc3)cc2)CC1,7.9,6.53,1.37
491,CC1(C)O[C@H]2CC(=O)OC[C@@]23[C@H]1CC(=O)[C@]1(C)[C@@H]3CC[C@@]2(C)[C@H](c3ccoc3)OC(=O)[C@H]3O[C@]321,2.46,2.51,-0.05
492,Cn1cc(C(=O)OCC2CCN(CCNS(C)(=O)=O)CC2)c2ccccc21,1.3,1.95,-0.65
493,O=C(O)[C@@H]1CCCN(CCC=C(c2ccccc2)c2ccccc2)C1,1.74,4.37,-2.63
494,CN1CC[C@]23c4ccccc4N[C@H]1[C@]21CCN(C)[C@H]3Nc2ccccc21,2.85,3.46,-0.61
495,COc1ccc(S(=O)(=O)N2CCN(c3ccccn3)CC2)cc1OC,1.83,1.82,0.01
496,O=C1c2ccccc2C(=O)N1c1nc[nH]n1,0.87,0.57,0.3
497,Cc1c2ccncc2cc2c1[nH]c1ccccc12,3.38,3.06,0.32
498,c1ccc(CCCN2CCN(CCOC(c3ccccc3)c3ccccc3)CC2)cc1,5.96,5.66,0.3
499,CN(C)C(=O)COC(=O)Cc1ccc(OC(=O)c2ccc(NC(=N)N)cc2)cc1,1.51,1.13,0.38
500,COc1ccc2[nH]cc(C3=CCNCC3)c2c1,1.91,1.84,0.07
501,Cc1ccccc1Nc1c(-c2ccc(N3CCOCC3)cc2)nc2ccccn12,4.72,4.8,-0.08
502,Cc1onc(-c2ccccc2Cl)c1C(=O)OCn1nnc2ccccc2c1=O,5.13,3.96,1.17
503,C#CC1(N2CCCCC2)CCCCC1,2.99,2.59,0.4
504,CCCCOC(=O)CSc1nnc(-c2cc(OC)c(OC)c(OC)c2)o1,2.46,2.95,-0.49
505,Cc1ccc(S(=O)(=O)NCCSc2ncccn2)cc1,2.24,2.24,-0.0
506,C=C(CN(C)C)C(=O)c1ccccc1Cl,2.71,2.34,0.37
507,CN(c1ccccc1)S(=O)(=O)c1ccc(C(=O)Nc2nccs2)cc1,3.12,3.12,0.0
508,CCOc1ccc(/C=C2\CCc3ccccc3C2=O)cc1,4.53,4.61,-0.08
509,O=C(NCCc1csc(-c2cccc(F)c2)n1)c1cccs1,3.83,3.71,0.12
510,C(=C/CSc1ccccn1)\CSc1ccccn1,4.1,4.18,-0.08
511,CC(C)NC[C@H](O)COc1cccc2[nH]ccc12,1.69,1.33,0.36
512,[O-]/[N+](=C\c1ccccc1)CC1(O)CCCCC1,-0.46,2.1,-2.56
513,O=C1c2ccccc2C(=O)c2[nH]cnc21,1.11,1.01,0.1
514,Fc1cc(F)c2c(c1)[C@@H]1C=CC[C@@H]1[C@H](c1cccnc1)N2,3.05,3.35,-0.3
515,O=C(Cn1ncc2c3ccccc3n(Cc3ccccc3)c2c1=O)N1CCN(c2ncccn2)CC1,2.79,3.46,-0.67
516,Clc1ccc(Cn2c(CN3CCCC3)nc3ccccc32)cc1,4.23,4.89,-0.66
517,OCc1ncc(-c2ccccc2)s1,1.58,2.59,-1.01
518,O=[N+]([O-])c1ccc(CSc2nc3ccccc3o2)cc1,4.19,4.19,-0.0
519,CCN(CC)Cc1ccc2cc(COC(=O)Nc3ccc(C(=O)NO)cc3)ccc2c1,3.21,3.85,-0.64
520,CC[C@@H](CO)NCCN[C@@H](CC)CO,-0.06,0.2,-0.26
521,O=C(O)c1cncc(Br)c1,1.18,1.56,-0.38
522,O=C1/C(=C2\Nc3ccccc3C2=O)Nc2ccccc21,2.65,2.38,0.27
523,COc1ccc2c(C)cc(C)nc2n1,2.32,1.95,0.37
524,CCOc1ccc(NC(=O)c2c(Cl)ccc(Cl)c2OC)cc1,4.31,4.57,-0.26
525,C[C@]12N[C@H](Cc3ccccc31)c1ccccc12,3.31,2.88,0.43
526,CCOc1ccc(NC(=O)Nc2cc(C(C)C)c(O)cc2C)cc1,4.77,3.97,0.8
527,NS(=O)(=O)c1ccc(NC(=O)Nc2ccc(F)cc2)cc1,1.87,1.96,-0.09
528,Cc1nnc(SCC(=O)N2CCOCC2)s1,-0.23,0.75,-0.98
529,O=C1/C(=C\c2ccc(O)c(O)c2)Oc2cc(O)ccc21,2.29,2.28,0.01
530,O=C(O)c1ccc(Nc2ncc3c(n2)-c2ccc(Cl)cc2C(c2c(F)cccc2F)=NC3)cc1,6.07,5.49,0.58
531,CN(C)CCNCc1ccc(-c2cc(Cl)cc(Cl)c2)o1,3.39,3.52,-0.13
532,CC(C)(C)c1ccc(-c2nc3ccccc3[nH]2)cc1,4.83,4.45,0.38
533,CN(C)Cc1nc(-c2cn(C)c3ccccc23)no1,2.6,1.86,0.74
534,COc1ccc(C(=O)OCCN2CCN(C3=NS(=O)(=O)c4ccccc43)CC2)cc1OC,1.94,1.46,0.48
535,COc1ccc(NC(=O)c2ccc(-c3ccc(-c4noc(C)n4)cc3C)cc2)cc1N1CCN(C)CC1,5.41,4.85,0.56
536,N[C@@H](CCS(=O)O)C(=O)O,-3.78,-3.08,-0.7
537,O=C1c2ccccc2C(=O)c2sc(Nc3ccc(Cl)cc3)nc21,4.82,4.26,0.56
538,CCCCCC(=O)C(=O)c1ccc(O)cc1O,3.9,1.82,2.08
539,c1ccc(-c2ccc(-c3nccc4ccccc34)[nH]2)cc1,4.35,4.34,0.01
540,O=c1onc2cnc3ccccc3n12,1.74,1.21,0.53
541,OC[C@H]1NC[C@@H](O)[C@@H]1O,-2.26,-2.3,0.04
542,CCc1cccc(C)c1Nc1c(-c2cccc(O)c2)nc2nc(C)cc(C)n12,4.87,4.62,0.25
543,COc1ccc2c(c1)c1ccc3c(c1n2C)C(=O)C=CC3=O,2.68,3.32,-0.64
544,COc1ccc(C(=O)CN(Cc2ccccc2)C2=NCCS2)cc1,3.54,3.48,0.06
545,COc1ccc2nc(Nc3nc(-c4ccncc4)cs3)sc2c1,4.24,2.96,1.28
546,CN(C)CCN1C(=O)c2cccc3cc(N)cc(c23)C1=O,1.1,1.37,-0.27
547,c1ccc2c3c([nH]c2c1)CNCC3,1.59,2.08,-0.49
548,Cc1ccc(N2CCOCC2)c2c1C(=O)c1ccccc1C2=O,3.32,2.44,0.88
549,Cc1ccn2cc(-c3cccc(S(=O)(=O)N4CCCC4)c3)nc2c1,2.77,2.72,0.05
550,Cc1ccccc1-n1c(Cn2cnc3c(N)ncnc32)nc2cccc(C)c2c1=O,3.08,3.08,0.0
551,C[C@@H](NCCCc1cccc(C(F)(F)F)c1)c1cccc2ccccc12,6.27,5.47,0.8
552,O=C(O)c1cccc2c1C(=O)c1cccc3snc-2c13,3.22,2.75,0.47
553,NS(=O)(=O)c1ccc(NC(=O)CSc2nnc3ccc4ccccc4n23)cc1,1.34,2.59,-1.25
554,CC(C)(O)CC[C@@H](O)[C@@](C)(O)[C@H]1CC[C@@]2(O)C3=CC(=O)[C@@H]4C[C@@H](O)[C@@H](O)C[C@]4(C)[C@H]3CC[C@]12C,0.61,0.15,0.46
555,Cc1ccc(CNCc2ccc3c(c2)n(C)c(=O)n3C)cc1,3.03,3.09,-0.06
556,CCN1CCN(c2nc(-c3cccnc3)nc3ccccc23)CC1,3.56,3.2,0.36
557,CN(C)c1ccc(/C=C2\Cc3ccccc3C2=O)cc1Br,4.77,4.48,0.29
558,Cc1ccc(-c2nnc3ccc(SCC(=O)OCc4ccccc4)nn23)cc1,4.49,3.89,0.6
559,CN(C(=O)Cc1ccc(Cl)c(Cl)c1)[C@@H](CN1CCCC1)c1cccc(OCC(=O)O)c1,1.26,3.7,-2.44
560,OCCn1cc(-c2ccc3c(c2)CC/C3=N\O)c(-c2ccncc2)n1,2.05,2.06,-0.01
561,O=C1COc2c1ccc(O)c2O,0.47,0.28,0.19
562,O=C(O)c1ccccc1-c1nc2ccccc2[nH]1,1.46,2.5,-1.04
563,O=C(CCCN1C(=O)c2cccc3cccc(c23)C1=O)N1CCN(c2ccccc2)CC1,3.29,3.56,-0.27
564,COC(=O)CCc1sc(Nc2ccc(OC)cc2)nc1-c1ccc(OC)cc1,4.83,4.67,0.16
565,Cc1ccc(S(=O)(=O)NCc2ccccn2)c(C)c1C,2.93,2.53,0.4
566,CC(C)CN(CC(C)C)c1nc(-c2ccc(Cl)cc2)nc2ccccc12,7.63,7.01,0.62
567,COc1ccc(-c2nc3cc(F)ccc3s2)cc1OC,3.97,3.39,0.58
568,C[C@@H]1O[C@@H](O[C@H]2C[C@@H](O)[C@]3(CO)[C@H]4[C@H](O)C[C@]5(C)[C@@H](C6=CC(=O)OC6)CC[C@]5(O)[C@@H]4CC[C@]3(O)C2)[C@H](O)[C@H](O)[C@H]1O,-2.78,-0.71,-2.07
569,Cc1ccc2c(c1)C(=O)[C@]1(O)CCN(c3ccccc3)C1=N2,2.88,2.81,0.07
570,Cc1cc(C(F)(F)F)nc(Nc2nc(C)c3ccccc3n2)n1,3.83,3.17,0.66
571,COc1ccc([C@@H]2CC(=O)c3c(O)cc(O[C@@H]4O[C@H](CO)[C@@H](O)[C@H](O)[C@H]4O[C@@H]4O[C@@H](C)[C@H](O)[C@@H](O)[C@H]4O)cc3O2)cc1O,-0.31,0.36,-0.67
572,CO[C@@H](Cc1ccc(OCCc2nc(-c3ccccc3)oc2C)c2ccsc12)C(=O)O,4.76,4.68,0.08
573,CO[C@H](C)[C@](O)(C(=O)OCC1=CCN2CC[C@H](O)[C@@H]12)C(C)C,0.35,0.67,-0.32
574,Cc1nc(C(N)=O)nc2ccccc12,1.11,0.89,0.22
575,Cc1cc(OCCCCOc2ccc(C#N)cc2)ccc1[N+](=O)[O-],4.35,4.08,0.27
576,Cc1cccc(-n2ncc3c(NCCCN4CCCC4=O)ncnc32)c1,1.64,2.36,-0.72
577,Cc1nc(NC(=O)c2ccc(Cl)cc2)nc2cc3c(cc12)OCO3,3.55,3.31,0.24
578,Clc1cncc(N2CCNCC2)n1,0.53,0.82,-0.29
579,Clc1ccc([C@H](Cn2ccnc2)OCc2csc3c(Cl)cccc23)c(Cl)c1,6.23,5.71,0.52
580,c1ccc(Sc2ncnc3ccccc23)cc1,4.21,4.46,-0.25
581,CCOC(=O)c1c(C)n(C)c2ccc(OCCN(C)C)cc12,2.72,2.49,0.23
582,CCOC(=O)c1cc(OCC)c2c(ccc3ccccc32)n1,3.87,3.82,0.05
583,O=C(O)c1cc2ccccc2cc1Nc1ccccc1,5.36,4.66,0.7
584,CC(n1cc(C[C@H](N)C(=O)O)c2ccccc21)n1cc(C[C@H](N)C(=O)O)c2ccccc21,-1.56,1.49,-3.05
585,COc1ccc(SCCc2ccncc2)cc1,3.14,3.29,-0.15
586,Oc1c(CN2CCN(c3ccccc3)CC2)cc(Br)c2cccnc12,3.62,4.73,-1.11
587,Oc1ccnc2c(Cl)cccc12,2.43,1.97,0.46
588,COc1ccc(-c2nc3ccccn3c2Nc2ccccc2C)cc1,4.68,4.64,0.04
589,O=C1C(Br)=Cc2cccc3cccc1c23,3.46,3.86,-0.4
590,CN1C(=O)[C@@H]2CN(Cc3ccc(Cl)cc3F)C[C@@H]2C1=O,1.45,1.28,0.17
591,Cc1cccc([C@H]2CN(C)CCc3c2cc(O)c(O)c3Cl)c1,3.46,3.94,-0.48
592,CCOC(=O)Cc1csc2nc(-c3ccccc3)nn12,3.53,2.89,0.64
593,C#C[C@]1(O)CC[C@H]2[C@@H]3CCC4=CC(=O)CCC4=C3C=C[C@@]21CC,2.85,4.2,-1.35
594,O=C1/C(=C/c2ccc([N+](=O)[O-])cc2)CCc2ccccc21,4.28,4.27,0.01
595,O=C(O)CNS(=O)(=O)c1cccc2nsnc12,0.42,-0.76,1.18
596,Cc1ccc2[nH]c(C(=O)N3CCOCC3)cc2c1,1.58,1.56,0.02
597,CN1c2ccccc2C(=O)N2CCc3c([nH]c4ccccc34)[C@@H]21,3.32,3.02,0.3
598,COc1ccc(C(=S)N2CCN(c3cccc(Cl)c3)CC2)cc1,4.35,4.38,-0.03
599,CC(=O)OC[C@]12CCC(C)=C[C@H]1O[C@@H]1[C@H](O)[C@@H](OC(C)=O)[C@@]2(C)[C@@]12CO2,0.38,0.88,-0.5
600,Nc1ncnc2c1c(-c1ccc(Oc3ccccc3)cc1)cn2C1CCCC1,5.01,4.97,0.04
601,O=C(O)CSc1nnc(-c2ccc(Cl)cc2Cl)n1Cc1ccccc1,4.55,4.23,0.32
602,Cc1ccc(-c2csc(Nc3ccccn3)n2)cc1,4.68,4.89,-0.21
603,CC1=NN(c2cccc(C(=O)O)c2)C(=O)/C1=C\c1ccc(-c2ccc(Cl)c(C(=O)O)c2)o1,4.13,4.55,-0.42
604,CC(C)N(CCC(=O)c1ccc2ccccc2c1)Cc1ccccc1,5.15,5.53,-0.38
605,Cc1ccc(/C=C2\CNC/C(=C\c3ccc(C)cc3)C2=O)cc1,4.93,4.56,0.37
606,CCC(C)(C)C(=O)O[C@H]1C[C@@H](C)C=C2C=C[C@H](C)[C@H](CC[C@@H](O)C[C@@H](O)CC(=O)O)[C@H]21,3.79,3.61,0.18
607,COC(=O)C1=C(C(=O)OC)SC2(S1)C(C(=O)OC)=C(C(=O)OC)Sc1c2ssc1=O,2.34,2.44,-0.1
608,O=C(Nc1cccc2c1N(C(=O)c1ccco1)CCC2)c1ccco1,2.63,3.24,-0.61
609,Nc1ccc(C(=O)Oc2ccc([N+](=O)[O-])cc2)cc1,2.75,3.04,-0.29
610,CCCc1cc(NCCN(C)C)n2ncc(-c3ccccc3)c2n1,3.16,3.03,0.13
611,Cc1cccc(Nc2c(-c3ccc(O)cc3)nc3ncccn23)c1,3.58,3.85,-0.27
612,CCN(CC)S(=O)(=O)c1cccc(-c2cn3cc(C)ccc3n2)c1,3.07,2.95,0.12
613,COc1ccccc1Oc1ccc(S(=O)(=O)N2CCCC2)cc1,2.78,3.04,-0.26
614,O=C(N1CCOCC1)N1CCN(S(=O)(=O)c2cccc([N+](=O)[O-])c2)CC1,-0.06,-0.2,0.14
615,O=S1(=O)N(CCN2CC=C(c3c[nH]c4cc(F)ccc34)CC2)c2cccc3c2N1CCC3,3.15,3.07,0.08
616,Cc1cc(C)n2nc(SCC(=O)N(C)Cc3ccccc3)nc2n1,2.38,2.63,-0.25
617,COc1ccc(-c2noc(CCC(=O)O)n2)cc1,1.96,1.69,0.27
618,CCN(C(=O)C(=O)c1c(C)[nH]c2ccccc12)c1ccccc1,3.44,3.68,-0.24
619,Cc1nc(-c2ccc(OCC(C)C)c(C#N)c2)sc1C(=O)O,3.52,3.58,-0.06
620,Cc1nc(O)nc(O)c1S(=O)(=O)N1CCCC1,0.31,-0.44,0.75
621,CN(NC1=NCCO1)c1ccc2ccccc2c1,2.88,2.47,0.41
622,CC(=O)c1ccc(NS(=O)(=O)c2ccc3ccccc3c2)cc1,3.01,3.78,-0.77
623,COc1ccc(CCO[C@@H]2CCCC[C@H]2N2CC[C@@H](O)C2)cc1OC,2.51,2.28,0.23
624,CCC[C@@H]1O[C@@H]2C[C@H]3[C@@H]4CCC5=CC(=O)C=C[C@]5(C)[C@H]4[C@@H](O)C[C@]3(C)[C@]2(C(=O)CO)O1,2.73,3.04,-0.31
625,CCNC(=O)c1ccc(-n2nc(C)cc2-c2ccccc2)cc1,3.19,3.78,-0.59
626,CCOC(=O)C1CCN(C(=O)C2CCN(S(=O)(=O)c3cc(Cl)ccc3OCC)CC2)CC1,2.12,2.35,-0.23
627,CCOC(=O)N1CCN(C(=O)CSc2ccc(-c3ccc(OC)cc3)nn2)CC1,1.73,2.28,-0.55
628,Cc1ccn(C(=O)c2ccc(NC(=O)CC(C)C)cc2)n1,2.25,2.59,-0.34
629,CCCSc1nc2c(c(=O)n(C)c(=O)n2C)n1C,1.54,1.37,0.17
630,C/C=C1/[C@H]2C=C(C)C[C@]1(N)c1ccc(O)nc1C2,2.02,2.3,-0.28
631,CSc1c(C)c(SC)n2ccncc12,2.25,2.18,0.07
632,CCOC(=O)c1c(N)ssc1=S,1.97,2.06,-0.09
633,Cc1nc(C(=O)N2CCC[C@H]2Cc2nnc(-c3ccccc3)o2)c(-c2ccccc2F)s1,3.73,4.01,-0.28
634,CC(C)C(=O)c1c(C(C)C)nn2ccccc12,3.68,3.12,0.56
635,Cc1cc(N2CCN(C)CC2)nc2ccc(NC(S)=NC3CC3)cc12,3.54,3.25,0.29
636,CCCn1c(=O)c2c(ncn2C)n(CCC)c1=O,1.21,0.83,0.38
637,NS(=O)(=O)c1ccc(NC(=O)CSc2ccc3ccccc3n2)cc1,2.56,2.62,-0.06
638,COC(=O)c1cc2c(cn1)[nH]c1ccccc12,2.06,1.9,0.16
639,CCOC(=O)c1nn(-c2cc(C(=O)OC)cc(C(=O)OC)c2)cc1O,2.96,1.82,1.14
640,N[C@H]1CCN(O)C1=O,-2.16,-1.94,-0.22
641,c1ccc(CN2CCC3(CCCc4ccccc43)CC2)cc1,4.98,4.73,0.25
642,c1ccc2oc(SCc3cn4ccsc4n3)nc2c1,2.95,2.6,0.35
643,COc1ccc(-c2csc(Nc3ccc(S(=O)(=O)Nc4cc(C)on4)cc3)n2)cc1,4.28,4.23,0.05
644,Fc1ccc([C@@H]2CCNC[C@H]2COc2ccc3c(c2)OCO3)cc1,3.15,3.44,-0.29
645,COc1cc2c(cc1O)[C@@H](Cc1ccc(O)c(Oc3ccc(C[C@@H]4c5cc(OC)c(OC)cc5CCN4C)cc3)c1)N(C)CC2,5.89,4.74,1.15
646,CN(C)Cc1cc(C(F)(F)F)ccc1C(O)(c1ccccc1)c1ccccc1,5.46,5.48,-0.02
647,COCCOc1ccc2c(c1)ncn2-c1ccc2cccc(N3CCC(N)CC3)c2n1,3.01,3.12,-0.11
648,Cc1ccc(C)c(N2CCN(C(=O)C3CCN(S(=O)(=O)c4cccc5nsnc45)CC3)CC2)c1,3.65,4.13,-0.48
649,Cc1cc(NC(=O)c2ccccc2)c(Cl)cc1N,3.35,3.42,-0.07
650,Cc1cccc(C)c1Nc1c(-c2ccc(N3CCOCC3)cc2)nc2cnccn12,4.02,3.88,0.14
651,COc1ccc(C(=C2C(=O)Nc3ccccc32)c2ccc(OC)cc2)cc1,4.38,4.95,-0.57
652,COc1ccc2[nH]cc(CCO)c2c1,1.44,1.19,0.25
653,CC1=CC(=C2C=CC(=O)C=C2)C=C(C)N1C,1.46,2.63,-1.17
654,CC(C)(C)c1ccc(C(=O)Nc2nc3ccccc3[nH]2)cc1,4.58,4.19,0.39
655,O=C1C=C2C=C[C@@H]3C[C@@]2(O1)[C@H]1CCCCN31,1.41,1.17,0.24
656,Clc1ccc([C@H](Cn2ccnc2)OCc2c(Cl)cccc2Cl)c(Cl)c1,5.96,5.42,0.54
657,Cc1nn(C)cc1S(=O)(=O)Nc1ccc2c(c1)OCCO2,0.53,0.54,-0.01
658,N[C@@H](CC(=O)N1CCn2c(nnc2C(F)(F)F)C1)Cc1cc(F)c(F)cc1F,1.26,0.67,0.59
659,O=C(c1cccnc1)N1CCN(c2ccccc2Cl)CC1,2.4,3.12,-0.72
660,CCN1CCC(Nc2ccnc3cc(Cl)ccc23)CC1,2.59,3.18,-0.59
661,Cc1nc(-c2cccnc2)sc1C(=O)/C=C/c1ccc(Cl)cc1Cl,4.83,5.41,-0.58
662,CCN1C(=O)CN(C(=O)CC(C)C)CC12CCOCC2,0.04,1.11,-1.07
663,Clc1ccccc1-c1nc2ccccc2[nH]1,3.89,3.83,0.06
664,COc1ccc2nccc(/C=C/c3ccnc4ccc(OC)cc34)c2c1,4.31,3.81,0.5
665,O=c1c2ccc(O)cc2oc2cc(O)ccc12,2.35,1.92,0.43
666,O=C(O)c1ccc(Nc2ncnc3c2cnn3Cc2ccccc2)cc1,3.28,3.36,-0.08
667,CCN(CC)CCCN(c1ccccc1)C1Cc2ccccc2C1,4.99,5.01,-0.02
668,O=P(OC1=CCCCC1)(c1ccccc1)c1ccccc1,4.21,3.98,0.23
669,CCCCC(=O)O[C@]1(C(=O)CO)CC[C@H]2[C@@H]3CCC4=CC(=O)CC[C@]4(C)[C@H]3[C@@H](O)C[C@@]21C,3.31,3.07,0.24
670,CN1CC[C@]2(CCN3CCc4c(oc5ccccc45)[C@@H]3C2)N(C)C1=O,1.27,2.25,-0.98
671,OC(c1ccccc1)(c1ccccc1)c1nccn1-c1ccccc1,4.78,4.48,0.3
672,NC[C@@H]1O[C@H](c2ccccc2)Cc2c1ccc(O)c2O,1.87,2.16,-0.29
673,CC(=O)O[C@]1(C(C)=O)CC[C@H]2[C@@H]3CCC4=CC(=O)CCC4=C3[C@@H](c3ccc(N(C)C)cc3)C[C@@]21C,4.62,3.87,0.75
674,COc1c(O)ccc2c1CN1CCc3cc4c(cc3[C@@H]1C2)OCO4,2.94,3.0,-0.06
675,Cc1cccc(-c2n[nH]cc2-c2ccc3ncccc3n2)n1,2.97,2.69,0.28
676,Cn1cnc([N+](=O)[O-])c1S(=O)(=O)Oc1cccc2ccccc12,2.91,2.9,0.01
677,Clc1nc2nc3n(c2nc1Cl)CCC3,1.74,2.47,-0.73
678,Cc1[nH]c2ccccc2c1C(=O)C(=O)NC1CCCCC1,3.0,2.94,0.06
679,CCOc1ccc(-n2nnc3c(=O)n(C/C=C/c4ccccc4)cnc32)cc1,3.66,4.21,-0.55
680,NC[C@@H](O)c1ccc(O)c(O)c1,-0.68,-0.41,-0.27
681,C[C@@H]1C/C=C/C=C/C=C/C=C/[C@H](O[C@@H]2O[C@H](C)[C@@H](O)[C@H](N)[C@@H]2O)C[C@@H]2O[C@](O)(C[C@@H](O)C[C@H]3O[C@@H]3/C=C/C(=O)O1)C[C@H](O)[C@H]2C(=O)O,-1.69,0.14,-1.83
682,CCOC(=O)c1c(C)n(C)c2ccc(OC(C)=O)cc12,2.46,2.7,-0.24
683,CC(C)(C)NC[C@@H](O)COc1cccc2c1CCCC2=O,2.18,2.69,-0.51
684,O=C(O)CSc1nc2ccccc2s1,2.59,2.17,0.42
685,Clc1ccc2nc3ccccc3cc2c1,4.11,3.82,0.29
686,COc1cccc(OC)c1OCCNC[C@H]1COc2ccccc2O1,2.51,2.41,0.1
687,C[C@H]1CC[C@]2(NC1)O[C@H]1C[C@H]3[C@@H]4CC[C@H]5C[C@@H](O)CC[C@]5(C)[C@H]4CC[C@]3(C)[C@H]1[C@@H]2C,5.02,4.03,0.99
688,O=C(CCN1CCN(CCO)CC1)N1c2ccccc2Sc2ccc(C(F)(F)F)cc21,3.11,3.05,0.06
689,O=C(O)Cn1ncc2ccccc2c1=O,0.69,0.03,0.66
690,CS(=O)(=O)Oc1ccc(Br)c2cccnc12,2.0,2.28,-0.28
691,Nc1ccc(SCc2nc3cccc4c3n2CCC4)cc1,3.25,3.93,-0.68
692,CN(C)c1ccc(-c2nc3ccc(Cl)cn3c2Nc2ccc3c(c2)OCCO3)cc1,4.55,4.65,-0.1
693,COc1cc(OC)c2c(C)cc(=O)oc2c1,1.77,1.69,0.08
694,Oc1nc(-c2ccccc2)c2ccccc2n1,3.83,3.51,0.32
695,Clc1ccccc1N1CCN(Cc2nnc(-c3ccccc3)o2)CC1,3.34,3.89,-0.55
696,Fc1ccc(Nc2nc(-c3ccccc3)cs2)cc1,4.93,4.64,0.29
697,CCOC(=O)c1nnc2c(-c3ccc(F)cc3)c(C)nn2c1N,2.05,2.64,-0.59
698,COC(=O)C1=CC(=O)N2CCN=C2S1,0.34,0.26,0.08
699,COc1ccc(Nc2nc(-c3ccc(OC)cc3)c(CCC(=O)O)s2)cc1,4.69,4.24,0.45
700,CC(C)(C)c1cc(NCc2ccccn2)n2ncc(-c3ccccc3)c2n1,4.38,4.25,0.13
701,Cn1nc(N)c2ncc(C(Cl)(Cl)Cl)nc21,1.39,2.25,-0.86
702,O=c1cc(-c2ccc(O)cc2)oc2cc(O[C@@H]3O[C@H](CO)[C@H](O)[C@H](O)[C@H]3O)cc(O)c12,0.44,1.34,-0.9
703,Cc1ccccc1Nc1c(-c2ccc(O)cc2)nc2c(C)cccn12,5.05,4.36,0.69
704,COc1ccc(CCNC(=O)c2ccco2)cc1OC,1.81,1.88,-0.07
705,CCOC(=O)[C@]12C[C@H]1/C(=N\O)c1ccccc1O2,1.66,1.5,0.16
706,O=[N+]([O-])c1ccc2[nH]c3nc4ccccc4nc3c2c1,3.11,3.04,0.07
707,N[C@@H](Cc1ccc2oc3cc(=O)c4ccccc4c-3nc2c1)C(=O)O,-0.15,1.98,-2.13
708,N[C@H](C(=O)O)[C@H]1ON=C(Cl)[C@@H]1O,-3.39,-2.03,-1.36
709,CNCC/C=C/c1cccnc1,1.21,1.79,-0.58
710,O=C(/C=C/c1cccnc1)/C=C/c1cccnc1,2.39,2.51,-0.12
711,COC(=O)c1cncc(C)c1,1.27,0.76,0.51
712,Cc1nc(CNS(=O)(=O)c2cc([N+](=O)[O-])ccc2C)cs1,1.84,1.87,-0.03
713,OCCNCCNCc1ccc(-c2ccccc2F)o1,1.25,1.69,-0.44
714,CC1(C)CC(=O)C(CC(=O)c2ccccc2)=C(NNC(=N)N)C1,1.26,0.78,0.48
715,CN(C(=O)c1ccc(Cl)c(Cl)c1)[C@@H]1CCCC[C@@H]1N1CCCC1,4.32,4.02,0.3
716,CCCc1nc(C)c2c(=O)nc(-c3cc(S(=O)(=O)N4CCN(CC)CC4)ccc3OCC)[nH]n12,1.43,2.94,-1.51
717,COc1ccc(-c2csc(Nc3ccccn3)n2)cc1OC,3.85,3.4,0.45
718,CCOC(=O)c1ccc(OCCC2CCN(c3ccc(C)nn3)CC2)cc1,3.45,3.05,0.4
719,CCOC(=O)c1ccc(Nc2nc(C(=O)OCC)nc3ccccc23)cc1,4.47,4.5,-0.03
720,Nc1ccc2c(c1)S(=O)(=O)c1cc(N)ccc1-2,0.94,0.86,0.08
721,NC(=O)c1nnsc1-c1ccc(-c2snnc2C(N)=O)cc1,0.91,2.27,-1.36
722,N#C/C(=C\c1cccnc1)c1ccc(Br)cc1,3.58,4.21,-0.63
723,Cc1cc(C)c(S(=O)(=O)Nc2cccc(-c3cn4ccccc4n3)c2)c(C)c1,4.82,4.56,0.26
724,O=C1c2ccccc2C(=O)c2c1cccc2-n1nnc2ccccc21,4.03,2.54,1.49
725,S=C1SCN(CCc2ccccc2)CN1CCc1ccccc1,5.31,5.1,0.21
726,Nc1ncnc2c1ncn2C1CCCC1,1.05,0.94,0.11
727,COc1ccc(CN2CCN(C(c3ccc(F)cc3)c3ccc(F)cc3)CC2)c(OC)c1OC,5.08,5.27,-0.19
728,CN(CO)c1nc(N(C)CO)nc(N(C)CO)n1,0.48,-1.5,1.98
729,CN1[C@H]2CC[C@@H]1C[C@@H](OC(=O)c1cc(Cl)cc(Cl)c1)C2,3.74,3.06,0.68
730,CN1CC[C@H](c2c(O)cc(O)c3c(=O)cc(-c4ccccc4Cl)oc23)[C@H](O)C1,2.44,2.85,-0.41
731,CN1CCC[C@@H]1Cc1c[nH]c2ccc(CCS(=O)(=O)c3ccccc3)cc12,3.77,3.32,0.45
732,CC(C)c1ncc(CO)n1Cc1c(Cl)cccc1Cl,3.53,3.29,0.24
733,CN1[C@H]2CC[C@@H]1C[C@@H](OC(c1ccccc1)c1ccccc1)C2,4.19,4.48,-0.29
734,O=c1oc2cc(O)ccc2s1,1.87,1.73,0.14
735,c1ccc2nc(N3CCNCC3)ccc2c1,2.3,2.03,0.27
736,CCCOP(=S)(Nc1nc(N)cc(O)n1)OCCC,2.5,1.59,0.91
737,Cc1cncc(CN2CCC(=C3c4ccc(Cl)cc4CCc4cccnc43)CC2)c1,5.37,4.46,0.91
738,Nc1c(C(=O)Nc2ccccc2F)sc2nc3c(cc12)CCCC3,4.51,3.94,0.57
739,Cc1cc(C)nc(Nc2nc(C)c3cc4c(cc3n2)OCO4)n1,2.32,2.68,-0.36
740,O=[N+]([O-])c1c(N2CCN(CCO)CC2)nc2ccccn12,0.65,0.59,0.06
741,CCN(C(=O)c1ccccc1)c1nc(-c2ccccc2)cs1,4.66,4.77,-0.11
742,CCOCc1cc(O)nc(SC)n1,1.96,2.09,-0.13
743,CN(C)CCCN1c2ccccc2Sc2ccc(C(F)(F)F)cc21,4.81,4.59,0.22
744,Cc1cnc2c(N)cc(C)c(C)c2c1,2.84,2.72,0.12
745,Nc1ncnc2c1cnn2C1CCCCC1,1.43,1.14,0.29
746,COc1ccccc1N=NNc1ccccc1OC,3.61,3.13,0.48
747,CC(C)[C@H](C(=O)Nc1ccc(C(=O)NO)cc1)c1ccccc1,3.17,3.39,-0.22
748,O=C(O)c1ccccc1-c1ccccc1C(=O)Nc1ccc2c(c1)Cc1ccccc1-2,6.14,5.49,0.65
749,CN1CCc2cc(Br)c(O)cc2[C@@H](c2ccccc2)C1,3.6,3.86,-0.26
750,Cc1ccc2nc(-c3ccccc3O)c(Nc3ccc4c(c3)OCCO4)n2c1,4.04,3.75,0.29
751,COc1cc(NCc2ccccc2O)c2ncccc2c1,2.87,2.97,-0.1
752,CCOC(=O)c1c(C)n(C)c2cc(Br)c(OC)cc12,3.47,3.24,0.23
753,NS(=O)(=O)c1ccc(Nc2ccccc2)c([N+](=O)[O-])c1,3.26,2.46,0.8
754,COc1ccc2c(c1)CCc1c-2n[nH]c1C(=O)O,2.29,1.4,0.89
755,Oc1ccc(-c2csc(Nc3ccccn3)n2)cc1O,3.56,3.09,0.47
756,CN(C)[C@@H](CCOc1cccc2ccccc12)c1ccccc1,4.67,4.39,0.28
757,NC(CO)(CO)CCc1ccc(Sc2cccc(OCc3ccccc3)c2)cc1Cl,4.8,5.1,-0.3
758,O=C(O)c1ccc2c(c1Nc1ccccc1)C(=O)c1ccccc1C2=O,5.32,4.34,0.98
759,C[C@H](CSC(=O)c1ccccc1)C(=O)N1c2ccccc2C[C@H]1C(=O)O,3.91,3.03,0.88
760,CCOC(=O)[C@@H](N)Cc1ccc(O)c(O)c1,0.97,0.83,0.14
761,Cc1ccc(-c2csc(Nc3cc(C)ccn3)n2)cc1,5.19,5.05,0.14
762,CC(=O)[C@@]1(O)[C@H](C)C[C@H]2[C@@H]3C=C(C)C4=Cc5c(cnn5-c5ccccc5)C[C@]4(C)[C@H]3[C@@H](O)C[C@@]21C,4.0,4.88,-0.88
763,NS(=O)(=O)c1ccc(NC(=O)CN2C(=O)c3ccccc3C2=O)cc1,0.44,0.29,0.15
764,Cn1c(=O)n(C)c2cc(CNCCc3ccc(F)cc3)ccc21,2.95,3.3,-0.35
765,C(=N\NC1=NCCN1)\c1c2ccccc2c(/C=N\NC2=NCCN2)c2ccccc12,2.6,3.01,-0.41
766,C=CCn1c(SCC(=O)c2cc(C)n(CCOC)c2C)nc2sc(C)c(C)c2c1=O,4.78,3.91,0.87
767,COC(=O)c1cc(C)nc2c(C)cc3[nH]c4ccccc4c3c12,3.9,3.42,0.48
768,O=C(NCCCO)C(=O)NCCc1ccc(Cl)cc1,0.56,1.67,-1.11
769,Cc1cccc(N(C(=O)c2cnc3n(c2=O)CCS3)C2CCCCC2)c1,3.86,3.5,0.36
770,Clc1ccc(Nc2nnc(Cc3ccncc3)c3ccccc23)cc1,4.15,4.04,0.11
771,COC(=O)c1ccc(C(=O)OC)c(O)n1,1.89,0.48,1.41
772,C(=N/n1cnnc1)\c1ccc2c(c1)CCC2,1.37,2.3,-0.93
773,CC(C)Oc1cccnc1N(C)C1CCN(Cc2ccccc2)CC1,3.83,3.5,0.33
774,Cc1ccc2nc(NC3=NCN(Cc4cccnc4)CN3)nc(C)c2c1,2.8,2.9,-0.1
775,COc1cc(-c2nnc(SCc3c(F)cccc3Cl)o2)cc(OC)c1OC,4.19,3.91,0.28
776,Cc1ccc(CC#N)c(-c2c(CC#N)ccc(C)c2C)c1C,5.07,4.75,0.32
777,Cc1c(-c2ccc(-c3ccccc3F)cc2)nc2ccc(F)cc2c1C(=O)O,6.27,5.56,0.71
778,Cc1nc(-c2ccc(Cl)cc2)oc1COC(C)(C)C(=O)O,2.95,3.57,-0.62
779,CCCCOc1ccc(C(=O)Nc2ccc(F)cc2F)cc1,4.52,4.26,0.26
780,Cc1nn2c(N3CCN(c4ccccn4)CC3)cc(C(C)C)nc2c1-c1ccccc1,5.12,4.85,0.27
781,COc1cccc(/C=C2\CCc3ccccc3C2=O)c1,4.18,4.28,-0.1
782,O=C1c2cccc3c2[C@H](CCC3)CN1[C@@H]1CN2CCC1CC2,2.55,2.54,0.01
783,CCOC(=O)c1c(C)c(C(=O)OCC)n(C)c1C,2.63,2.3,0.33
784,Cc1nnsc1C(=O)Nc1ccc(-n2nc(C(F)(F)F)cc2C(F)(F)F)cc1,4.07,3.14,0.93
785,CN(C)c1ccc(/C=C/C(=O)c2cc(Cl)ccc2O)cc1,4.84,4.5,0.34
786,OC(C#Cc1ccccc1)(c1ccccc1)c1ccccc1,4.97,4.43,0.54
787,CCOC(=O)c1nc(Nc2ccc(C(=O)OCC(C)C)cc2)c2ccccc2n1,5.34,5.25,0.09
788,COc1ccccc1-c1nc(-c2ccccn2)no1,3.16,2.31,0.85
789,O=C1CCC(c2ccccc2)=NN1c1nc2ccccc2s1,3.71,3.84,-0.13
790,c1ccc2cc(CC3=NCCN3)ccc2c1,2.19,2.89,-0.7
791,COc1cccc2oc(-c3ccccc3)cc(=O)c12,2.81,3.15,-0.34
792,CN(c1nc2ccccc2s1)C1CCN(C[C@H](O)COc2ccc(F)c(F)c2)CC1,4.23,4.12,0.11
793,CC(C)NC(=O)c1ccc(C(C)C)cc1,3.07,3.35,-0.28
794,COC(c1ccccc1)(c1ccccc1)[C@H](Oc1nc(C)cc(C)n1)C(=O)O,2.97,4.08,-1.11
795,O=S(=O)(c1ccc(-c2csc(Nc3ccc(Cl)cc3)n2)cc1)N1CCOCC1,4.23,3.87,0.36
796,COC(=O)N1CCN(C(=O)Cc2ccc(Cl)c(Cl)c2)[C@H](CN2CCCC2)C1,2.64,2.83,-0.19
797,CC/C(=C(/c1ccccc1)c1ccc(OCCN(C)C)cc1)c1ccccc1,6.35,6.18,0.17
798,O=C1C2CCN(CC2)C1(CO)CO,-0.8,0.08,-0.88
799,CN1CCN(c2ccc([N+](=O)[O-])c3no[n+]([O-])c23)CC1,0.27,-0.37,0.64
800,CCc1cccc(C)c1Nc1c(-c2cccc(O)c2)nc2cnccn12,4.27,4.05,0.22
801,O=C(NCCc1csc(-c2ccc(F)cc2)n1)c1ccco1,2.98,3.44,-0.46
802,CN1C[C@@H](NS(=O)(=O)N(C)C)C[C@@H]2c3cccc4c3c(cn4C)C[C@H]21,1.08,2.12,-1.04
803,CN1CCC(=C2c3ccccc3C(O)c3ccccc32)CC1,3.06,3.46,-0.4
804,OC[C@@H]1NC[C@H](O)[C@H](O)[C@H]1O,-2.89,-2.91,0.02
805,CCCCC(=O)N(CCC)CCC,2.77,2.59,0.18
806,CN1C(=O)CCS(=O)(=O)[C@H]1c1ccc(Cl)cc1,0.92,1.34,-0.42
807,CN1CCN(c2nc3cc(C(F)(F)F)ccc3n3cccc23)CC1,3.22,3.57,-0.35
808,COc1ccccc1N1CCN(CCN(C(=O)c2ccc(F)cc2)c2ccccn2)CC1,4.05,4.62,-0.57
809,CCCCN1C(=O)CC(C(=O)OCC)=C1C,1.22,1.86,-0.64
810,CC1=C(c2ccccc2)C=NNCC1=O,1.83,1.63,0.2
811,Cc1nc(NC2=NCN(Cc3cccnc3)CN2)nc2c(C)cccc12,2.8,2.88,-0.08
812,CC(C)(C)c1ccc(C(=O)NCc2ccco2)cc1,3.38,3.83,-0.45
813,O=C(OCCN1CCCCC1)c1c[nH]c2ccccc12,2.94,2.34,0.6
814,COCCOC(=O)c1c(C)oc2ccc(OC(=O)c3cccs3)cc12,3.86,3.38,0.48
815,c1ccc(N2CCN(c3ncnc4scc(-c5cccs5)c34)CC2)cc1,5.16,5.1,0.06
816,CN1CCc2cc(O)cc3c2[C@H]1Cc1ccc(O)c(O)c1-3,2.65,2.22,0.43
817,C=C(C)[C@H]1O[C@H]2CC[C@]3(C)[C@@]4(C)c5[nH]c6cc(Cl)c7c8c6c5[C@@H](OC(C)(C)[C@H]5C[C@H](C(=C)C7)[C@]85O)[C@@H]4CC[C@@]3(O)[C@]23O[C@@H]3[C@H]1O,4.32,4.24,0.08
818,COC(=O)c1ccc(Oc2cc(C)nc(-n3nc(C)cc3C)n2)cc1,3.37,3.92,-0.55
819,Cc1nc(N2CCN(c3ccccn3)CC2)c2c(C)c(C(=O)Nc3ccc(F)cc3F)sc2n1,5.84,3.74,2.1
820,CCOc1ccc(S(=O)(=O)c2ccc(C)cc2)c2c1no[n+]2[O-],1.63,2.24,-0.61
821,Nc1ncnc2c1ncn2[C@@H]1O[C@H](CO)[C@H](O)[C@H]1O,-2.09,-1.69,-0.4
822,Cc1cc2nc(-c3ccccn3)c(-c3ccccn3)nc2cc1C,4.73,4.09,0.64
823,COc1cc(-c2nc3ccc(C)cn3c2Nc2ccc(Cl)cc2)ccc1O,4.98,4.49,0.49
824,O=C1c2ccccc2C(=O)c2c(NCCNCCO)ccc(O)c21,1.87,1.17,0.7
825,Cn1c([N+](=O)[O-])cnc1N1CCN(c2nncs2)C1=O,-0.05,0.28,-0.33
826,NCCSSCc1ccccc1CSSCCN,2.02,2.62,-0.6
827,O=C(O)/C=C\C(=O)Nc1ccc(-c2ccccc2)cc1,3.04,3.41,-0.37
828,OC1(Cc2ccccc2)CCNCC1,1.06,1.82,-0.76
829,CCOC(=O)c1c(N)n(Cc2ccccc2)c2nc3ccccc3nc12,4.37,3.28,1.09
830,O=C1c2ccccc2C(=O)c2c(O)c(NCCNCCO)cc(O)c21,1.45,1.2,0.25
831,Cc1ccc(S(=O)(=O)N2CCN(S(=O)(=O)N3CCCCC3)CC2)cc1,0.95,1.75,-0.8
832,CN1CCN(c2nc(N)cc(O)n2)CC1,0.74,0.23,0.51
833,C[C@]12CC[C@H]3[C@@H](CC=C4C[C@@H](O)CC[C@@]43C)[C@@H]1CC=C2n1cnc2ccccc21,4.47,5.5,-1.03
834,Cc1ccccc1N1CCN(c2ncnc3scc(-c4cccs4)c23)CC1,5.67,5.41,0.26
835,NC(=O)c1sc(-c2ccsc2)cc1N,1.98,1.2,0.78
836,CC(C)Cc1ccc(S(=O)(=O)N2CCN(c3ccccn3)CC2)cc1,3.83,3.82,0.01
837,Fc1ccc(-c2ccc(CNCc3ccccn3)o2)cc1,2.89,3.07,-0.18
838,COc1ccc(/C=C/C(=O)Oc2cc(O)cc(O)c2)cc1,3.41,2.86,0.55
839,Cc1ccc(Nc2c(-c3ccccc3O)nc3cc(C)ccn23)cc1,5.05,4.64,0.41
840,COc1ccc(-c2nc3ncccn3c2Nc2ccccc2)cc1,3.21,3.76,-0.55
841,O[C@@H]1CCCC[C@H]1N1CCC(c2ccccc2)CC1,3.19,3.0,0.19
842,N#CCSc1nnc2ccc3ccccc3n12,1.36,1.93,-0.57
843,COc1ccc2c(c1OC)C(=O)O[C@@H]2[C@H]1c2cc3c(cc2CCN1C)OCO3,2.74,2.4,0.34
844,CC1(C)O[C@@H]2C[C@H]3[C@@H]4CCC5=CC(=O)C=C[C@]5(C)[C@H]4[C@@H](O)C[C@]3(C)[C@]2(C(=O)CO)O1,1.9,1.96,-0.06
845,O=c1c2ccccc2nc2n1CC[C@@H]2O,0.28,0.43,-0.15
846,c1ccc(-c2cc3ccccc3[nH]2)cc1,3.64,3.77,-0.13
847,COC(=O)c1ccccc1NCCO,1.41,1.18,0.23
848,CN(C)c1ccc(/C=C(\C#N)C(=O)c2ccccc2)cc1,3.81,3.94,-0.13
849,Cc1nn2c(-n3ccnc3C)c3c(nc2c1-c1ccccc1)CCC3,3.29,3.13,0.16
850,COc1ccc(NC(=O)CSC2=NCCN2)cc1,1.19,1.29,-0.1
851,CCCN1CCO[C@@H]2c3cc(O)ccc3OC[C@H]21,2.06,1.57,0.49
852,Cc1ccc(Cl)cc1NCc1nnc2n1CCCCC2,2.75,3.19,-0.44
853,CCOC(=O)/C=C/c1ccc(C(=O)OCC)[nH]1,2.15,2.21,-0.06
854,O=[N+]([O-])c1cnc(Sc2ccncn2)s1,2.28,2.5,-0.22
855,CCNc1ccccc1C(=O)O,2.11,1.66,0.45
856,Cc1sc2ncnc(SCc3ccco3)c2c1C,4.2,3.89,0.31
857,Cc1cccc(-c2[nH]c(C(C)(C)C)nc2-c2ccc3nccnc3c2)n1,4.0,3.45,0.55
858,Cc1ccc(-c2ccc(S(=O)(=O)N3CCCC3)cc2)cc1,3.59,4.03,-0.44
859,CCC1=C[C@@H]2CN3CCc4c([nH]c5ccccc45)[C@@](C(=O)OC)(C2)[C@@H]13,3.19,3.64,-0.45
860,O=C(Oc1cccnc1O)c1cccc(Cl)c1,3.96,3.19,0.77
861,COc1ccc(-c2nc3nc(C)cc(C)n3c2Nc2c(C)cccc2C)cc1,4.57,4.97,-0.4
862,Cc1cc(O)nc(N2CCCCC2)n1,2.11,1.52,0.59
863,N#CCCCCN1CCCC1,1.1,2.05,-0.95
864,COC(=O)c1ccc(Cn2cnc3c(Cl)ncnc32)cc1,2.48,2.59,-0.11
865,COc1ccc2c(c1)CCc1sc(NC(=O)c3ccc(C)cc3)nc1-2,5.49,5.16,0.33
866,c1ccc(CCCCN2CCC(c3ccccc3)CC2)cc1,5.36,5.0,0.36
867,OC[C@H]1NC[C@@H](O)[C@@H](O)[C@@H]1O,-2.89,-2.91,0.02
868,Cc1nc(-c2ccccc2)c(-c2ccncc2)o1,2.42,2.89,-0.47
869,C[C@H]1CC[C@@H]2N(C1)C[C@H]1[C@@H]3C[C@H]4[C@@H](CC(=O)[C@H]5C[C@@H](O)CC[C@@]54C)[C@@H]3CC[C@H]1[C@]2(C)O,3.22,2.42,0.8
870,O=C(O)c1cc2cc(F)ccc2[nH]1,1.79,1.95,-0.16
871,O=C(NCCc1csc(-c2ccc(F)cc2)n1)c1cccs1,3.83,3.92,-0.09
872,CC(C)c1cc(F)cc2c1C[C@](CCN(C)CCCc1nc3ccccc3[nH]1)(OC(=O)C1CC1)CC2,6.26,4.4,1.86
873,Cc1ccc(-c2nc3cccc(C)n3c2Nc2ccc3c(c2)OCCO3)cc1,4.55,4.62,-0.07
874,CN1CCCN([C@@H](c2ccccc2)c2ccc(Cl)cc2)CC1,4.21,4.65,-0.44
875,CC(C)(OCc1nn(Cc2ccccc2)c2ccccc12)C(=O)O,3.58,3.89,-0.31
876,Cc1ccc2nc(-c3ccc(O)cc3)c(Nc3ccc(Cl)cc3)n2c1,5.14,4.69,0.45
877,CN(C)CCC[C@@]1(c2ccc(F)cc2)OCc2cc(C#N)ccc21,3.76,3.39,0.37
878,Cn1c(=O)n(C)c2cc(S(=O)(=O)NCc3ccco3)ccc21,0.85,1.36,-0.51
879,CSc1nc2ccc(NS(=O)(=O)c3ccc(Br)s3)cc2s1,4.79,4.26,0.53
880,COc1cc(NS(=O)(=O)c2ccc(N)cc2)nc(OC)n1,1.26,1.34,-0.08
881,CCN(CC)CCOC(=O)C(O)(c1ccccc1)c1ccccc1,3.44,3.47,-0.03
882,CCCC(=O)O[C@]1(C(=O)CO)CC[C@H]2[C@@H]3CCC4=CC(=O)CC[C@]4(C)[C@H]3[C@@H](O)C[C@@]21C,2.86,2.6,0.26
883,CN(C)c1ncnc2c1ncn2-c1ccccc1,2.29,1.71,0.58
884,CCOC(=O)C1=C(Nc2ccc(NC3=C(C(=O)OCC)C(=O)CS3)cc2)SCC1=O,3.22,1.79,1.43
885,Cc1cc2cc(CN3C(=O)c4ccccc4C3=O)ccc2[nH]1,2.94,3.37,-0.43
886,O=C(c1ccccc1)c1ccccc1C(=O)c1ccccc1,4.89,4.15,0.74
887,Cc1ccn2c(Nc3ccccc3C)c(-c3ccc(N4CCOCC4)cc3)nc2c1,5.24,5.07,0.17
888,COc1ccccc1/C=C(\C#N)C(=O)O,1.79,1.46,0.33
889,Fc1ccc(-c2nc3ccccc3[nH]2)cc1,3.43,3.28,0.15
890,Cc1nccnc1Sc1ccccc1,2.45,3.11,-0.66
891,C#Cc1cccc(Nc2ncnc3cc(OCCOC)c(OCCO)cc23)c1,2.56,2.71,-0.15
892,Cc1nnc(SCC(=O)c2ccc3c(c2)OCCO3)s1,1.62,2.25,-0.63
893,CSc1nc2cc(S(=O)(=O)N3CCCCC3)ccc2s1,3.33,3.08,0.25
894,CCOC(=O)c1cc2c(cn1)[nH]c1ccccc12,2.42,2.17,0.25
895,OC[C@@H]1CNC[C@H]1c1nc(-c2ccncc2)no1,-0.12,-0.11,-0.01
896,c1ccc2sc(C3(NCC4CC4)CCCCC3)cc2c1,5.04,4.83,0.21
897,O=C(NCCCO)c1ccc(CSc2nc3ccccc3[nH]2)cc1,2.64,3.0,-0.36
898,Fc1cccc(CSc2ccc(-c3ccc4c(c3)OCO4)nn2)c1,4.42,4.27,0.15
899,CC1CCN(CCCC(=O)c2ccc(F)cc2)CC1,3.23,3.04,0.19
900,O=C1/C(=N\Nc2ccc(S(=O)(=O)O)cc2)C(c2ccc([N+](=O)[O-])cc2)=NN1c1ccccc1,2.63,4.31,-1.68
901,Cc1ccc(S(=O)(=O)c2ccccc2[N+](=O)[O-])cc1,3.38,2.82,0.56
902,Clc1ccc(-c2ccc(CNCc3ccccn3)o2)cc1,3.35,3.84,-0.49
903,CCc1ccc(CCN2C(=O)c3ccccc3C2=O)nc1,2.7,1.8,0.9
904,O=C(O)c1cc(-c2ccncc2)nc2ccccc12,1.76,2.25,-0.49
905,CCOC(=O)c1cnc2c(cnn2CC)c1NN=C(C)C,2.18,2.39,-0.21
906,CCCN(CCC)C1Cc2cc(OC)c(OC)cc2C1,3.75,3.47,0.28
907,COc1cnc(SC)nc1Nc1ccc(C#N)cc1,3.09,3.11,-0.02
908,Cc1cccc(C)c1NC1=NCCCS1,3.63,2.93,0.7
909,CN(C(=O)Cc1ccc(Cl)c(Cl)c1)[C@H]1CCCC[C@@H]1N1CCCC1,4.3,3.92,0.38
910,Fc1cccc(-c2nn3c(CSc4ccccc4)nnc3s2)c1,4.1,4.25,-0.15
911,COc1ccccc1N1C(=O)c2cccc3cccc(c23)C1=O,3.41,3.38,0.03
912,C=C[C@H]1CN2CC[C@H]1C[C@@H]2[C@H](O)c1ccnc2ccccc12,2.67,2.78,-0.11
913,O=C1Oc2ccccc2C(=O)/C1=C1/C=C(c2ccccc2)SS1,3.82,4.27,-0.45
914,C[C@@H](O)[C@H]1C(=O)N2C(C(=O)OCOC(=O)C(C)(C)C)=C(SC3CN(C4=NCCS4)C3)[C@H](C)[C@H]12,1.59,0.89,0.7
915,CC(=O)c1cccc(NC(=O)c2noc3c2CCCC3)c1,2.59,2.57,0.02
916,CN(C)C(=O)OC1=C(c2ccccc2)Sc2ccccc2-n2cccc21,4.02,4.83,-0.81
917,O=C(CCSc1nnc2ccc3ccccc3n12)Nc1ccc(F)cc1,3.32,3.67,-0.35
918,Clc1nccc2c1ccc1ccccc12,3.56,4.21,-0.65
919,CC(=O)Oc1ccc(OC(C)=O)c2c1CC(C)=C(C)C2,2.76,3.23,-0.47
920,Cc1cc(C)c(S(=O)(=O)N2CCN(C(=O)c3ccc4c(c3)OCO4)CC2)c(C)c1,3.12,2.77,0.35
921,Cc1nnc2ccc(N3CCCC3)nn12,0.92,1.55,-0.63
922,CCCCN(CC)c1nc(-c2ccccc2F)nc2ccccc12,6.37,6.12,0.25
923,CCOC(=O)c1c(C)n(Cc2ccco2)c2ccc(OC)cc12,3.48,3.63,-0.15
924,O=C(N[C@@H](Cc1c[nH]c2ccccc12)C(=O)O)c1ccc(Cl)cc1,3.45,2.94,0.51
925,CC[C@@H](c1cccc(O)c1)[C@@H](C)CN(C)C,2.96,2.91,0.05
926,C=CCOc1ccnc(-c2ccccc2)n1,3.56,3.52,0.04
927,Cc1cc(OCCN2CC2)c2ccccc2n1,1.95,1.98,-0.03
928,Nc1nc(F)nc2c1ncn2[C@@H]1O[C@H](COP(=O)(O)O)[C@@H](O)[C@@H]1O,-1.97,-2.1,0.13
929,COc1ccc(C(=O)N(CN2CCCC2=O)c2nccs2)cc1OC,1.54,1.55,-0.01
930,CN(C)C/C=C(/c1ccc(Br)cc1)c1cccnc1,3.51,3.74,-0.23
931,CCOC(=O)Cc1cc(=O)oc2cc(O)ccc12,1.41,1.43,-0.02
932,CCn1c(=O)cc(SCC(=O)N2CCN(c3ccccn3)CC2)c2ccccc21,1.89,2.82,-0.93
933,COCCCC/C(=N\OCCN)c1ccc(C(F)(F)F)cc1,2.8,2.95,-0.15
934,Nc1ccc(CCNc2ncnc3c2ncn3[C@@H]2O[C@H](CO)[C@@H](O)[C@H]2O)cc1,-0.61,1.12,-1.73
935,COc1cc2ncnc(Nc3cccc(Cl)c3)c2cc1OC,3.75,3.55,0.2
936,NC[C@H](O)C1CCCCCCC1,1.75,1.64,0.11
937,Cc1c(NC(=O)c2cccs2)c(=O)n(-c2ccccc2)n1C,1.92,2.56,-0.64
938,O=C(c1cccs1)N1CCN(c2cc(Cl)ccc2Cl)CC1,4.13,4.25,-0.12
939,Cc1cc(C(=O)NCc2ccc(Cl)cc2)n(-c2ccccc2)n1,3.51,4.04,-0.53
940,CC(=O)Oc1ccc2ccc(=O)oc2c1OC(C)=O,1.0,2.02,-1.02
941,O=C(Nc1c(-c2ccccc2)nc2ccccn12)c1ccco1,3.03,3.14,-0.11
942,Cc1cc(C#N)cc(C)c1Oc1nc(Nc2ccc(C#N)cc2)nc(N)c1Br,5.54,5.05,0.49
943,O=C(O)c1ccccc1-n1c2ccccc2c2ccccc21,4.63,4.49,0.14
944,Nc1ccccc1-c1nc2cnccc2[nH]1,1.24,1.54,-0.3
945,O=C(NCc1ccccn1)C(=O)Nc1nccs1,0.52,0.46,0.06
946,COc1cc(-c2nc3ccc(Cl)cn3c2Nc2ccc3c(c2)OCO3)ccc1O,4.09,3.66,0.43
947,CCCN(CCC)S(=O)(=O)c1ccc(C)cc1,3.3,3.32,-0.02
948,Cc1nc2c(O)cccc2cc1CO,1.19,1.75,-0.56
949,CC(C)COc1nc2c(c(=O)n(C)c(=O)n2C)n1C,1.23,1.14,0.09
950,COC1=CC(=O)C[C@@H](C)[C@@]12Oc1c(Cl)c(OC)cc(OC)c1C2=O,2.17,1.72,0.45
951,O=C1C[C@@H](c2ccc(O)cc2)Oc2cc(O)cc(O)c21,2.84,2.11,0.73
952,COc1ccc2[nH]c(-c3ccccc3)cc2c1,3.48,3.62,-0.14
953,CCN(Cc1nc2ccccc2n1C)c1ccccc1,3.75,3.6,0.15
954,Cc1cc(N2CCN(C(=O)c3ccco3)CC2)n2nc(C)c(-c3ccc(Cl)cc3)c2n1,3.35,4.07,-0.72
955,Clc1cccc(-c2nc3ccccn3c2Nc2ccc3c(c2)OCCO3)c1,4.44,4.4,0.04
956,CCOC(=O)CCc1c(C)c2c(O)cc(O)cc2oc1=O,1.94,1.96,-0.02
957,CCOc1ccc2ncc(C(=O)c3ccc(OC)cc3)c(N3CCN(CC)CC3)c2c1,3.94,3.7,0.24
958,CN/C(=C/[N+](=O)[O-])NCCSCc1csc(CN(C)C)n1,0.77,1.03,-0.26
959,C=CCN1CCc2cccc3c2[C@H]1Cc1ccc(O)c(O)c1-3,3.7,3.25,0.45
960,COc1ccc(/C=C2/CCOC2=O)cc1,2.28,2.32,-0.04
961,Nc1ccc2c(c1)CN1C(=O)c3ccccc3C1=N2,1.9,2.16,-0.26
962,COc1ccc(-c2nc3cccc(C)n3c2Nc2ccc(C)cc2)cc1,4.88,5.09,-0.21
963,CC1CCN(C(=O)CSc2nnc(-c3ccccc3F)o2)CC1,2.38,2.66,-0.28
964,O/N=C(\CC(O)(C(F)(F)F)C(F)(F)F)c1cccc(Cl)c1,3.46,2.98,0.48
965,O=c1c2ccccc2ncn1-c1ccc(Cl)cc1,3.21,3.69,-0.48
966,COc1ccc2c(c1)CCc1sc(NC(=O)c3ccc(Cl)cc3)nc1-2,5.58,5.4,0.18
967,CN1CCN(CC/C=C2/c3ccccc3Sc3ccc(S(=O)(=O)N(C)C)cc32)CC1,3.36,4.7,-1.34
968,COc1cc(C(C)=O)ccc1OCCCN1CCC(c2noc3cc(F)ccc23)CC1,3.22,3.21,0.01
969,Nc1ccc2c(c1)N=[N+]([O-])c1cc(N)ccc1C2,1.09,1.14,-0.05
970,COc1ccc(CCN)cc1O,0.45,0.87,-0.42
971,O=C(Nc1ccc(F)cc1)OCCOc1ccc([N+](=O)[O-])cc1,3.56,3.31,0.25
972,Cc1nnc(-n2cccc2)s1,1.52,1.37,0.15
973,Cc1ccc(Nc2nccc(N(C)c3ccc4c(C)n(C)nc4c3)n2)cc1S(N)(=O)=O,3.55,2.98,0.57
974,O=C(Nc1ccc(-c2nc3ccccc3[nH]2)cc1)c1ccccc1[N+](=O)[O-],4.32,3.58,0.74
975,COc1ccccc1Oc1c(NS(=O)(=O)c2ccc(C)cn2)nc(-c2ccncc2)nc1OC,3.78,3.95,-0.17
976,Cc1ccc(S(=O)(=O)c2ccc([N+](=O)[O-])o2)cc1,2.7,2.19,0.51
977,CCOC(=O)CCCSc1nc(O)c2c3c(sc2n1)CCC3,4.43,3.34,1.09
978,O=[N+]([O-])c1c(NCCCO)cc(Nc2ccc(F)cc2)c2nonc12,2.34,2.76,-0.42
979,CN(CCc1ccc(Cl)c(Cl)c1)C[C@@H](O)COc1ccc(NS(C)(=O)=O)cc1,2.69,2.76,-0.07
980,Cn1ncc2c(Sc3ccc(Cl)cc3)ncnc21,3.25,3.23,0.02
981,Cc1ccc2c(c1)sc1nncn12,1.47,1.89,-0.42
982,Clc1ccc(-c2cn3cccnc3n2)cc1,2.44,2.41,0.03
983,COc1cc(CCC(=O)O)on1,0.62,0.15,0.47
984,Brc1ccc(-c2ccc(CNCc3ccccn3)o2)cc1,3.52,4.12,-0.6
985,CN(CCc1ccccn1)c1ccc2c(c1)C(=O)c1ccccc1-2,4.04,3.69,0.35
986,Nc1ccc(Oc2ccc(N)c([N+](=O)[O-])c2)cc1[N+](=O)[O-],3.0,2.75,0.25
987,CCCN1CCC(c2cccc(S(C)(=O)=O)c2)CC1,2.18,2.4,-0.22
988,O=c1c(O[C@@H]2O[C@H](CO)[C@H](O)[C@H](O)[C@H]2O)c(-c2ccc(O)c(O)c2)oc2cc(O)cc(O)c12,-0.14,-0.01,-0.13
989,COc1cc2ncnc(Nc3ccc(Cl)cc3F)c2cc1OC,3.89,3.6,0.29
990,CC1CCN(c2nc(-c3ccc(C(C)(C)C)cc3)nc3ccccc23)CC1,7.31,6.98,0.33
991,C#CCOc1ccc2c(c1)c(-c1ccc(C(C)C)cc1)nc(=O)n2C(C)C,4.87,5.57,-0.7
992,COc1ccccc1N1CCNCC1,1.39,1.26,0.13
993,O=c1cc(N2CCOCC2)oc2c(-c3cccc4c3sc3ccccc34)cccc12,5.38,4.74,0.64
994,Cn1cnnc1SCC(=O)Nc1ccc(F)cc1,1.17,1.26,-0.09
995,C[C@@H]1C(=O)O[C@H]2C[C@@]34[C@H]5C[C@@H](C(C)(C)C)[C@]36[C@@H](OC(=O)[C@@H]6O)O[C@@]4(C(=O)O5)[C@]21O,0.34,0.59,-0.25
996,O=[N+]([O-])c1cc(-c2cccnc2)[nH]n1,1.16,1.09,0.07
997,Cn1c(NC(=O)c2ccc(Cl)cc2)cc(=O)n(C)c1=O,1.37,1.28,0.09
998,O=c1c2ccccc2c2ccccc2c(=O)n1Cc1ccco1,3.35,3.61,-0.26
999,COc1ccc(-c2nn3c(-c4ccccc4F)nnc3s2)cc1,3.86,3.31,0.55
1000,[O-][n+]1ccc(CC(O)(C(F)(F)F)C(F)(F)F)cc1,0.16,-0.0,0.16
1001,Cc1ccc(N(C)C(=O)n2cnc3ccccc32)cc1,2.86,3.23,-0.37
1002,N#C/C(=C\c1ccc[nH]1)C(=O)c1ccccc1,2.7,2.64,0.06
1003,O=P(Oc1ccccc1)(Oc1ccccc1)c1ccccc1,5.3,4.42,0.88
1004,CC[C@H](C)[C@@H](N)C(=O)O,-1.51,-0.53,-0.98
1005,COc1cc2c(Oc3ccc4[nH]c(C)cc4c3F)ncnc2cc1OCCCN1CCCC1,4.13,3.82,0.31
1006,CCOC(=O)c1nc(SC)n(C)c1C(=O)OCC,2.22,1.42,0.8
1007,C=CCN(CC=C)S(=O)(=O)c1ccc(C(=O)Nc2nc3c(s2)CCc2ccccc2-3)cc1,5.65,5.6,0.05
1008,Clc1ccccc1-c1nc(-c2ccncc2)no1,3.53,3.07,0.46
1009,CC(C)Oc1cc(O)c2c(=O)cc(-c3ccccc3)oc2c1,3.93,3.43,0.5
1010,O=[N+]([O-])c1cc(O)c(O)c([N+](=O)[O-])c1,1.25,1.46,-0.21
1011,O=C(Nc1ccc2c(c1)OCO2)C(=O)c1c[nH]c2ccccc12,2.65,2.57,0.08
1012,C[C@H]1CC[C@@H]2[C@@H](C)[C@H]3[C@H](C[C@H]4[C@@H]5CC[C@H]6C[C@@H](O)CC[C@]6(C)[C@H]5CC[C@@]43C)N2C1,5.29,4.13,1.16
1013,Cn1c(=O)c2c(nc(N3CCCCC3)n2C)n(C)c1=O,1.1,0.43,0.67
1014,O=C(O)CCn1nnc2ccccc2c1=O,1.73,0.59,1.14
1015,Oc1ncc(I)cc1I,2.9,3.25,-0.35
1016,CC(=N)NCc1cccc(CN)c1,0.17,0.75,-0.58
1017,COC(=O)C(=Cc1ccccc1[N+](=O)[O-])C(=O)OC,2.42,1.82,0.6
1018,O=C(CSc1nnc(-c2cccs2)o1)N1CCc2ccccc21,2.57,2.98,-0.41
1019,COc1ccc(NC(=O)c2ccc(-c3ccc(-c4noc(C)n4)cc3C)cc2)cc1OCCN(C)C,5.18,4.54,0.64
1020,COc1cc(/C=C(\OC(C)=O)c2ccc3c(c2)OCO3)cc(OC)c1OC,2.62,3.31,-0.69
1021,O=C(CCNS(=O)(=O)c1ccc(Cl)cc1)N1CCN(c2ccccn2)CC1,1.88,1.58,0.3
1022,Cc1csc2nc(CNS(=O)(=O)c3cccnc3)cn12,0.41,0.93,-0.52
1023,O=c1cc(-c2cccnc2)oc2c1ccc1ccccc12,2.74,3.38,-0.64
1024,c1ccc2c(c1)nnn1c3cnccc3nc21,1.83,1.2,0.63
1025,CCOC(=O)Cc1c(C)c2cc(C(=O)c3ccccc3)c(O)cc2oc1=O,3.91,2.98,0.93
1026,Cc1nc2c(nc1C)C(=O)c1ccccc1C2=O,1.52,1.31,0.21
1027,Cc1ccccc1Nc1c(-c2ccccc2)nc2cccc(C)n12,5.03,5.11,-0.08
1028,CN(C)CCCN1c2ccccc2Sc2ccc3ccccc3c21,4.92,5.33,-0.41
1029,O=C(c1sc2cccc(F)c2c1Cl)N1CCN(c2ncccn2)CC1,3.52,3.26,0.26
1030,CN1CCC=C(C(=O)N2c3ccccc3Sc3ccc(Cl)cc32)C1,4.05,4.31,-0.26
1031,Cn1cc(SCC(=O)N2CCCc3ccccc32)c2ccccc21,3.87,4.19,-0.32
1032,Cc1nc2ccccc2nc1SCC(=O)c1ccccc1,3.57,4.6,-1.03
1033,CC1=CC2=C(C=O)C(=O)[C@](C)(O)[C@@H](O)C2=CO1,-1.13,-0.46,-0.67
1034,C[N+]1(C)CCC(OC(=O)C(c2ccccc2)c2ccccc2)CC1,-0.7,1.99,-2.69
1035,Cc1cccc(C#Cc2ccccc2)n1,3.39,3.58,-0.19
